date,county,state,fips,cases,deaths
2020-01-21,Snohomish,Washington,53061.0,1,0.0
2020-01-22,Snohomish,Washington,53061.0,1,0.0
2020-01-23,Snohomish,Washington,53061.0,1,0.0
2020-01-24,Snohomish,Washington,53061.0,1,0.0
2020-01-25,Snohomish,Washington,53061.0,1,0.0
2020-01-26,Snohomish,Washington,53061.0,1,0.0
2020-01-27,Snohomish,Washington,53061.0,1,0.0
2020-01-28,Snohomish,Washington,53061.0,1,0.0
2020-01-29,Snohomish,Washington,53061.0,1,0.0
2020-01-30,Snohomish,Washington,53061.0,1,0.0
2020-01-31,Snohomish,Washington,53061.0,1,0.0
2020-02-01,Snohomish,Washington,53061.0,1,0.0
2020-02-02,Snohomish,Washington,53061.0,1,0.0
2020-02-03,Snohomish,Washington,53061.0,1,0.0
2020-02-04,Snohomish,Washington,53061.0,1,0.0
2020-02-05,Snohomish,Washington,53061.0,1,0.0
2020-02-06,Snohomish,Washington,53061.0,1,0.0
2020-02-07,Snohomish,Washington,53061.0,1,0.0
2020-02-08,Snohomish,Washington,53061.0,1,0.0
2020-02-09,Snohomish,Washington,53061.0,1,0.0
2020-02-10,Snohomish,Washington,53061.0,1,0.0
2020-02-11,Snohomish,Washington,53061.0,1,0.0
2020-02-12,Snohomish,Washington,53061.0,1,0.0
2020-02-13,Snohomish,Washington,53061.0,1,0.0
2020-02-14,Snohomish,Washington,53061.0,1,0.0
2020-02-15,Snohomish,Washington,53061.0,1,0.0
2020-02-16,Snohomish,Washington,53061.0,1,0.0
2020-02-17,Snohomish,Washington,53061.0,1,0.0
2020-02-18,Snohomish,Washington,53061.0,1,0.0
2020-02-19,Snohomish,Washington,53061.0,1,0.0
2020-02-20,Snohomish,Washington,53061.0,1,0.0
2020-02-21,Snohomish,Washington,53061.0,1,0.0
2020-02-22,Snohomish,Washington,53061.0,1,0.0
2020-02-23,Snohomish,Washington,53061.0,1,0.0
2020-02-24,Snohomish,Washington,53061.0,1,0.0
2020-02-24,Spokane,Washington,53063.0,4,0.0
2020-02-25,Snohomish,Washington,53061.0,1,0.0
2020-02-25,Spokane,Washington,53063.0,4,0.0
2020-02-26,Snohomish,Washington,53061.0,1,0.0
2020-02-26,Spokane,Washington,53063.0,4,0.0
2020-02-27,Snohomish,Washington,53061.0,1,0.0
2020-02-27,Spokane,Washington,53063.0,4,0.0
2020-02-28,King,Washington,53033.0,1,0.0
2020-02-28,Snohomish,Washington,53061.0,2,0.0
2020-02-28,Spokane,Washington,53063.0,4,0.0
2020-02-29,King,Washington,53033.0,4,1.0
2020-02-29,Snohomish,Washington,53061.0,2,0.0
2020-02-29,Spokane,Washington,53063.0,4,0.0
2020-03-01,King,Washington,53033.0,11,3.0
2020-03-01,Snohomish,Washington,53061.0,2,0.0
2020-03-01,Spokane,Washington,53063.0,4,0.0
2020-03-02,King,Washington,53033.0,15,6.0
2020-03-02,Snohomish,Washington,53061.0,3,0.0
2020-03-02,Spokane,Washington,53063.0,4,0.0
2020-03-02,Walla Walla,Washington,53071.0,1,0.0
2020-03-03,King,Washington,53033.0,22,10.0
2020-03-03,Snohomish,Washington,53061.0,5,0.0
2020-03-03,Spokane,Washington,53063.0,4,0.0
2020-03-03,Walla Walla,Washington,53071.0,1,0.0
2020-03-04,Chelan,Washington,53007.0,1,0.0
2020-03-04,King,Washington,53033.0,33,11.0
2020-03-04,Snohomish,Washington,53061.0,8,0.0
2020-03-04,Spokane,Washington,53063.0,4,0.0
2020-03-04,Walla Walla,Washington,53071.0,1,0.0
2020-03-05,Chelan,Washington,53007.0,1,0.0
2020-03-05,King,Washington,53033.0,52,11.0
2020-03-05,Snohomish,Washington,53061.0,17,0.0
2020-03-05,Spokane,Washington,53063.0,4,0.0
2020-03-05,Walla Walla,Washington,53071.0,1,0.0
2020-03-06,Chelan,Washington,53007.0,1,0.0
2020-03-06,Clark,Washington,53011.0,1,0.0
2020-03-06,Jefferson,Washington,53031.0,1,0.0
2020-03-06,King,Washington,53033.0,59,12.0
2020-03-06,Pierce,Washington,53053.0,1,0.0
2020-03-06,Snohomish,Washington,53061.0,18,0.0
2020-03-06,Spokane,Washington,53063.0,4,0.0
2020-03-06,Walla Walla,Washington,53071.0,1,0.0
2020-03-07,Chelan,Washington,53007.0,1,0.0
2020-03-07,Clark,Washington,53011.0,1,0.0
2020-03-07,Jefferson,Washington,53031.0,1,0.0
2020-03-07,King,Washington,53033.0,72,16.0
2020-03-07,Kittitas,Washington,53037.0,1,0.0
2020-03-07,Pierce,Washington,53053.0,3,0.0
2020-03-07,Snohomish,Washington,53061.0,26,0.0
2020-03-07,Spokane,Washington,53063.0,4,0.0
2020-03-07,Walla Walla,Washington,53071.0,1,0.0
2020-03-08,Chelan,Washington,53007.0,1,1.0
2020-03-08,Clark,Washington,53011.0,1,0.0
2020-03-08,Jefferson,Washington,53031.0,1,0.0
2020-03-08,King,Washington,53033.0,91,18.0
2020-03-08,Kitsap,Washington,53035.0,1,0.0
2020-03-08,Kittitas,Washington,53037.0,1,0.0
2020-03-08,Pierce,Washington,53053.0,4,0.0
2020-03-08,Snohomish,Washington,53061.0,36,0.0
2020-03-08,Spokane,Washington,53063.0,4,0.0
2020-03-08,Walla Walla,Washington,53071.0,1,0.0
2020-03-09,Chelan,Washington,53007.0,1,1.0
2020-03-09,Clark,Washington,53011.0,1,0.0
2020-03-09,Jefferson,Washington,53031.0,1,0.0
2020-03-09,King,Washington,53033.0,117,21.0
2020-03-09,Kitsap,Washington,53035.0,1,0.0
2020-03-09,Kittitas,Washington,53037.0,1,0.0
2020-03-09,Pierce,Washington,53053.0,7,0.0
2020-03-09,Snohomish,Washington,53061.0,45,0.0
2020-03-09,Spokane,Washington,53063.0,4,0.0
2020-03-09,Walla Walla,Washington,53071.0,1,0.0
2020-03-10,Chelan,Washington,53007.0,1,1.0
2020-03-10,Clark,Washington,53011.0,1,0.0
2020-03-10,Jefferson,Washington,53031.0,1,0.0
2020-03-10,King,Washington,53033.0,191,23.0
2020-03-10,Kitsap,Washington,53035.0,2,0.0
2020-03-10,Kittitas,Washington,53037.0,1,0.0
2020-03-10,Pierce,Washington,53053.0,14,0.0
2020-03-10,Skagit,Washington,53057.0,1,0.0
2020-03-10,Snohomish,Washington,53061.0,61,0.0
2020-03-10,Spokane,Washington,53063.0,4,0.0
2020-03-10,Walla Walla,Washington,53071.0,1,0.0
2020-03-10,Whatcom,Washington,53073.0,1,0.0
2020-03-11,Chelan,Washington,53007.0,1,1.0
2020-03-11,Clark,Washington,53011.0,1,0.0
2020-03-11,Island,Washington,53029.0,1,0.0
2020-03-11,Jefferson,Washington,53031.0,1,0.0
2020-03-11,King,Washington,53033.0,235,27.0
2020-03-11,Kitsap,Washington,53035.0,2,0.0
2020-03-11,Kittitas,Washington,53037.0,3,0.0
2020-03-11,Pierce,Washington,53053.0,17,0.0
2020-03-11,Skagit,Washington,53057.0,1,0.0
2020-03-11,Snohomish,Washington,53061.0,69,1.0
2020-03-11,Spokane,Washington,53063.0,4,0.0
2020-03-11,Thurston,Washington,53067.0,1,0.0
2020-03-11,Walla Walla,Washington,53071.0,1,0.0
2020-03-11,Whatcom,Washington,53073.0,1,0.0
2020-03-12,Chelan,Washington,53007.0,1,1.0
2020-03-12,Clark,Washington,53011.0,1,0.0
2020-03-12,Columbia,Washington,53013.0,1,0.0
2020-03-12,Grays Harbor,Washington,53027.0,1,0.0
2020-03-12,Island,Washington,53029.0,3,0.0
2020-03-12,Jefferson,Washington,53031.0,1,0.0
2020-03-12,King,Washington,53033.0,271,28.0
2020-03-12,Kitsap,Washington,53035.0,2,0.0
2020-03-12,Kittitas,Washington,53037.0,3,0.0
2020-03-12,Pierce,Washington,53053.0,17,0.0
2020-03-12,Skagit,Washington,53057.0,2,0.0
2020-03-12,Snohomish,Washington,53061.0,107,3.0
2020-03-12,Spokane,Washington,53063.0,4,0.0
2020-03-12,Thurston,Washington,53067.0,1,0.0
2020-03-12,Walla Walla,Washington,53071.0,1,0.0
2020-03-12,Whatcom,Washington,53073.0,1,0.0
2020-03-12,Yakima,Washington,53077.0,2,0.0
2020-03-13,Chelan,Washington,53007.0,1,1.0
2020-03-13,Clark,Washington,53011.0,3,0.0
2020-03-13,Columbia,Washington,53013.0,1,0.0
2020-03-13,Grant,Washington,53025.0,1,0.0
2020-03-13,Grays Harbor,Washington,53027.0,1,0.0
2020-03-13,Island,Washington,53029.0,3,0.0
2020-03-13,Jefferson,Washington,53031.0,1,0.0
2020-03-13,King,Washington,53033.0,329,33.0
2020-03-13,Kitsap,Washington,53035.0,3,0.0
2020-03-13,Kittitas,Washington,53037.0,3,0.0
2020-03-13,Pierce,Washington,53053.0,19,0.0
2020-03-13,Skagit,Washington,53057.0,3,0.0
2020-03-13,Snohomish,Washington,53061.0,132,3.0
2020-03-13,Spokane,Washington,53063.0,4,0.0
2020-03-13,Thurston,Washington,53067.0,3,0.0
2020-03-13,Walla Walla,Washington,53071.0,1,0.0
2020-03-13,Whatcom,Washington,53073.0,1,0.0
2020-03-13,Yakima,Washington,53077.0,2,0.0
2020-03-14,Chelan,Washington,53007.0,1,1.0
2020-03-14,Clark,Washington,53011.0,3,0.0
2020-03-14,Columbia,Washington,53013.0,1,0.0
2020-03-14,Grant,Washington,53025.0,1,0.0
2020-03-14,Grays Harbor,Washington,53027.0,1,0.0
2020-03-14,Island,Washington,53029.0,6,0.0
2020-03-14,Jefferson,Washington,53031.0,1,0.0
2020-03-14,King,Washington,53033.0,389,36.0
2020-03-14,Kitsap,Washington,53035.0,3,0.0
2020-03-14,Kittitas,Washington,53037.0,3,0.0
2020-03-14,Klickitat,Washington,53039.0,1,0.0
2020-03-14,Pierce,Washington,53053.0,26,0.0
2020-03-14,Skagit,Washington,53057.0,3,0.0
2020-03-14,Snohomish,Washington,53061.0,154,3.0
2020-03-14,Spokane,Washington,53063.0,7,0.0
2020-03-14,Thurston,Washington,53067.0,3,0.0
2020-03-14,Walla Walla,Washington,53071.0,1,0.0
2020-03-14,Whatcom,Washington,53073.0,2,0.0
2020-03-14,Yakima,Washington,53077.0,3,0.0
2020-03-15,Chelan,Washington,53007.0,1,1.0
2020-03-15,Clark,Washington,53011.0,3,0.0
2020-03-15,Columbia,Washington,53013.0,1,0.0
2020-03-15,Grant,Washington,53025.0,1,0.0
2020-03-15,Grays Harbor,Washington,53027.0,1,0.0
2020-03-15,Island,Washington,53029.0,6,0.0
2020-03-15,Jefferson,Washington,53031.0,3,0.0
2020-03-15,King,Washington,53033.0,421,38.0
2020-03-15,Kitsap,Washington,53035.0,5,0.0
2020-03-15,Kittitas,Washington,53037.0,3,0.0
2020-03-15,Klickitat,Washington,53039.0,1,0.0
2020-03-15,Lewis,Washington,53041.0,1,0.0
2020-03-15,Lincoln,Washington,53043.0,1,0.0
2020-03-15,Pierce,Washington,53053.0,29,0.0
2020-03-15,Skagit,Washington,53057.0,4,0.0
2020-03-15,Snohomish,Washington,53061.0,175,3.0
2020-03-15,Spokane,Washington,53063.0,7,0.0
2020-03-15,Thurston,Washington,53067.0,4,0.0
2020-03-15,Walla Walla,Washington,53071.0,1,0.0
2020-03-15,Whatcom,Washington,53073.0,3,0.0
2020-03-15,Yakima,Washington,53077.0,4,0.0
2020-03-16,Chelan,Washington,53007.0,1,1.0
2020-03-16,Clark,Washington,53011.0,4,0.0
2020-03-16,Columbia,Washington,53013.0,1,0.0
2020-03-16,Grant,Washington,53025.0,6,0.0
2020-03-16,Grays Harbor,Washington,53027.0,1,0.0
2020-03-16,Island,Washington,53029.0,7,0.0
2020-03-16,Jefferson,Washington,53031.0,3,0.0
2020-03-16,King,Washington,53033.0,489,44.0
2020-03-16,Kitsap,Washington,53035.0,7,0.0
2020-03-16,Kittitas,Washington,53037.0,3,0.0
2020-03-16,Klickitat,Washington,53039.0,1,0.0
2020-03-16,Lewis,Washington,53041.0,1,0.0
2020-03-16,Lincoln,Washington,53043.0,1,0.0
2020-03-16,Pierce,Washington,53053.0,44,0.0
2020-03-16,Skagit,Washington,53057.0,7,0.0
2020-03-16,Snohomish,Washington,53061.0,199,3.0
2020-03-16,Spokane,Washington,53063.0,7,0.0
2020-03-16,Thurston,Washington,53067.0,4,0.0
2020-03-16,Walla Walla,Washington,53071.0,1,0.0
2020-03-16,Whatcom,Washington,53073.0,3,0.0
2020-03-16,Yakima,Washington,53077.0,4,0.0
2020-03-17,Chelan,Washington,53007.0,3,1.0
2020-03-17,Clark,Washington,53011.0,4,2.0
2020-03-17,Columbia,Washington,53013.0,1,0.0
2020-03-17,Franklin,Washington,53021.0,1,0.0
2020-03-17,Grant,Washington,53025.0,6,0.0
2020-03-17,Grays Harbor,Washington,53027.0,1,0.0
2020-03-17,Island,Washington,53029.0,14,0.0
2020-03-17,Jefferson,Washington,53031.0,4,0.0
2020-03-17,King,Washington,53033.0,518,47.0
2020-03-17,Kitsap,Washington,53035.0,7,0.0
2020-03-17,Kittitas,Washington,53037.0,3,0.0
2020-03-17,Klickitat,Washington,53039.0,1,0.0
2020-03-17,Lewis,Washington,53041.0,1,0.0
2020-03-17,Lincoln,Washington,53043.0,1,0.0
2020-03-17,Mason,Washington,53045.0,1,0.0
2020-03-17,Pierce,Washington,53053.0,44,0.0
2020-03-17,Skagit,Washington,53057.0,9,0.0
2020-03-17,Snohomish,Washington,53061.0,265,4.0
2020-03-17,Spokane,Washington,53063.0,7,0.0
2020-03-17,Thurston,Washington,53067.0,5,0.0
2020-03-17,Walla Walla,Washington,53071.0,1,0.0
2020-03-17,Whatcom,Washington,53073.0,6,0.0
2020-03-17,Yakima,Washington,53077.0,5,0.0
2020-03-18,Benton,Washington,53005.0,1,1.0
2020-03-18,Chelan,Washington,53007.0,3,1.0
2020-03-18,Clark,Washington,53011.0,4,3.0
2020-03-18,Columbia,Washington,53013.0,1,0.0
2020-03-18,Franklin,Washington,53021.0,1,0.0
2020-03-18,Grant,Washington,53025.0,6,0.0
2020-03-18,Grays Harbor,Washington,53027.0,1,0.0
2020-03-18,Island,Washington,53029.0,16,0.0
2020-03-18,Jefferson,Washington,53031.0,4,0.0
2020-03-18,King,Washington,53033.0,563,57.0
2020-03-18,Kitsap,Washington,53035.0,9,0.0
2020-03-18,Kittitas,Washington,53037.0,4,0.0
2020-03-18,Klickitat,Washington,53039.0,1,0.0
2020-03-18,Lewis,Washington,53041.0,1,0.0
2020-03-18,Lincoln,Washington,53043.0,1,0.0
2020-03-18,Mason,Washington,53045.0,1,0.0
2020-03-18,Pierce,Washington,53053.0,56,1.0
2020-03-18,Skagit,Washington,53057.0,14,0.0
2020-03-18,Snohomish,Washington,53061.0,309,5.0
2020-03-18,Spokane,Washington,53063.0,7,0.0
2020-03-18,Thurston,Washington,53067.0,6,0.0
2020-03-18,Walla Walla,Washington,53071.0,1,0.0
2020-03-18,Whatcom,Washington,53073.0,7,0.0
2020-03-18,Yakima,Washington,53077.0,9,0.0
2020-03-19,Benton,Washington,53005.0,2,1.0
2020-03-19,Chelan,Washington,53007.0,3,1.0
2020-03-19,Clallam,Washington,53009.0,1,0.0
2020-03-19,Clark,Washington,53011.0,4,3.0
2020-03-19,Columbia,Washington,53013.0,1,0.0
2020-03-19,Franklin,Washington,53021.0,1,0.0
2020-03-19,Grant,Washington,53025.0,8,0.0
2020-03-19,Grays Harbor,Washington,53027.0,1,0.0
2020-03-19,Island,Washington,53029.0,17,1.0
2020-03-19,Jefferson,Washington,53031.0,4,0.0
2020-03-19,King,Washington,53033.0,693,61.0
2020-03-19,Kitsap,Washington,53035.0,12,0.0
2020-03-19,Kittitas,Washington,53037.0,4,0.0
2020-03-19,Klickitat,Washington,53039.0,2,0.0
2020-03-19,Lewis,Washington,53041.0,1,0.0
2020-03-19,Lincoln,Washington,53043.0,1,0.0
2020-03-19,Mason,Washington,53045.0,1,0.0
2020-03-19,Pierce,Washington,53053.0,75,1.0
2020-03-19,Skagit,Washington,53057.0,18,0.0
2020-03-19,Snohomish,Washington,53061.0,347,6.0
2020-03-19,Spokane,Washington,53063.0,9,0.0
2020-03-19,Thurston,Washington,53067.0,6,0.0
2020-03-19,Walla Walla,Washington,53071.0,1,0.0
2020-03-19,Whatcom,Washington,53073.0,7,1.0
2020-03-19,Yakima,Washington,53077.0,9,0.0
2020-03-20,Benton,Washington,53005.0,3,1.0
2020-03-20,Chelan,Washington,53007.0,3,1.0
2020-03-20,Clallam,Washington,53009.0,1,0.0
2020-03-20,Clark,Washington,53011.0,6,3.0
2020-03-20,Columbia,Washington,53013.0,1,0.0
2020-03-20,Cowlitz,Washington,53015.0,2,0.0
2020-03-20,Franklin,Washington,53021.0,1,0.0
2020-03-20,Grant,Washington,53025.0,11,0.0
2020-03-20,Grays Harbor,Washington,53027.0,1,0.0
2020-03-20,Island,Washington,53029.0,19,1.0
2020-03-20,Jefferson,Washington,53031.0,4,0.0
2020-03-20,King,Washington,53033.0,794,68.0
2020-03-20,Kitsap,Washington,53035.0,12,0.0
2020-03-20,Kittitas,Washington,53037.0,4,0.0
2020-03-20,Klickitat,Washington,53039.0,2,0.0
2020-03-20,Lewis,Washington,53041.0,2,0.0
2020-03-20,Lincoln,Washington,53043.0,1,0.0
2020-03-20,Mason,Washington,53045.0,1,0.0
2020-03-20,Pierce,Washington,53053.0,83,1.0
2020-03-20,San Juan,Washington,53055.0,1,0.0
2020-03-20,Skagit,Washington,53057.0,26,0.0
2020-03-20,Snohomish,Washington,53061.0,384,7.0
2020-03-20,Spokane,Washington,53063.0,11,0.0
2020-03-20,Stevens,Washington,53065.0,1,0.0
2020-03-20,Thurston,Washington,53067.0,8,0.0
2020-03-20,Walla Walla,Washington,53071.0,1,0.0
2020-03-20,Whatcom,Washington,53073.0,11,1.0
2020-03-20,Yakima,Washington,53077.0,10,0.0
2020-03-21,Benton,Washington,53005.0,8,2.0
2020-03-21,Chelan,Washington,53007.0,3,1.0
2020-03-21,Clallam,Washington,53009.0,2,0.0
2020-03-21,Clark,Washington,53011.0,9,3.0
2020-03-21,Columbia,Washington,53013.0,1,0.0
2020-03-21,Cowlitz,Washington,53015.0,2,0.0
2020-03-21,Franklin,Washington,53021.0,1,0.0
2020-03-21,Grant,Washington,53025.0,11,0.0
2020-03-21,Grays Harbor,Washington,53027.0,1,0.0
2020-03-21,Island,Washington,53029.0,19,1.0
2020-03-21,Jefferson,Washington,53031.0,4,0.0
2020-03-21,King,Washington,53033.0,935,76.0
2020-03-21,Kitsap,Washington,53035.0,15,0.0
2020-03-21,Kittitas,Washington,53037.0,4,0.0
2020-03-21,Klickitat,Washington,53039.0,4,0.0
2020-03-21,Lewis,Washington,53041.0,2,0.0
2020-03-21,Lincoln,Washington,53043.0,1,0.0
2020-03-21,Mason,Washington,53045.0,1,0.0
2020-03-21,Pierce,Washington,53053.0,95,1.0
2020-03-21,San Juan,Washington,53055.0,1,0.0
2020-03-21,Skagit,Washington,53057.0,28,0.0
2020-03-21,Snohomish,Washington,53061.0,446,9.0
2020-03-21,Spokane,Washington,53063.0,16,0.0
2020-03-21,Stevens,Washington,53065.0,1,0.0
2020-03-21,Thurston,Washington,53067.0,10,0.0
2020-03-21,Walla Walla,Washington,53071.0,1,0.0
2020-03-21,Whatcom,Washington,53073.0,14,2.0
2020-03-21,Yakima,Washington,53077.0,20,0.0
2020-03-22,Benton,Washington,53005.0,8,2.0
2020-03-22,Chelan,Washington,53007.0,3,1.0
2020-03-22,Clallam,Washington,53009.0,4,0.0
2020-03-22,Clark,Washington,53011.0,10,3.0
2020-03-22,Columbia,Washington,53013.0,1,0.0
2020-03-22,Cowlitz,Washington,53015.0,3,0.0
2020-03-22,Franklin,Washington,53021.0,2,0.0
2020-03-22,Grant,Washington,53025.0,18,0.0
2020-03-22,Grays Harbor,Washington,53027.0,1,0.0
2020-03-22,Island,Washington,53029.0,21,1.0
2020-03-22,Jefferson,Washington,53031.0,6,0.0
2020-03-22,King,Washington,53033.0,1036,77.0
2020-03-22,Kitsap,Washington,53035.0,20,0.0
2020-03-22,Kittitas,Washington,53037.0,4,0.0
2020-03-22,Klickitat,Washington,53039.0,4,0.0
2020-03-22,Lewis,Washington,53041.0,2,0.0
2020-03-22,Lincoln,Washington,53043.0,1,0.0
2020-03-22,Mason,Washington,53045.0,1,0.0
2020-03-22,Pierce,Washington,53053.0,107,1.0
2020-03-22,San Juan,Washington,53055.0,1,0.0
2020-03-22,Skagit,Washington,53057.0,34,0.0
2020-03-22,Snohomish,Washington,53061.0,480,10.0
2020-03-22,Spokane,Washington,53063.0,20,0.0
2020-03-22,Stevens,Washington,53065.0,1,0.0
2020-03-22,Thurston,Washington,53067.0,11,0.0
2020-03-22,Walla Walla,Washington,53071.0,1,0.0
2020-03-22,Whatcom,Washington,53073.0,19,2.0
2020-03-22,Whitman,Washington,53075.0,1,0.0
2020-03-22,Yakima,Washington,53077.0,24,0.0
2020-03-23,Adams,Washington,53001.0,1,0.0
2020-03-23,Benton,Washington,53005.0,8,2.0
2020-03-23,Chelan,Washington,53007.0,6,1.0
2020-03-23,Clallam,Washington,53009.0,4,0.0
2020-03-23,Clark,Washington,53011.0,13,4.0
2020-03-23,Columbia,Washington,53013.0,1,0.0
2020-03-23,Cowlitz,Washington,53015.0,3,0.0
2020-03-23,Douglas,Washington,53017.0,1,0.0
2020-03-23,Franklin,Washington,53021.0,2,0.0
2020-03-23,Grant,Washington,53025.0,23,0.0
2020-03-23,Grays Harbor,Washington,53027.0,1,0.0
2020-03-23,Island,Washington,53029.0,25,1.0
2020-03-23,Jefferson,Washington,53031.0,7,0.0
2020-03-23,King,Washington,53033.0,1166,88.0
2020-03-23,Kitsap,Washington,53035.0,20,0.0
2020-03-23,Kittitas,Washington,53037.0,5,0.0
2020-03-23,Klickitat,Washington,53039.0,4,0.0
2020-03-23,Lewis,Washington,53041.0,2,0.0
2020-03-23,Lincoln,Washington,53043.0,1,0.0
2020-03-23,Mason,Washington,53045.0,1,0.0
2020-03-23,Pierce,Washington,53053.0,126,1.0
2020-03-23,San Juan,Washington,53055.0,1,0.0
2020-03-23,Skagit,Washington,53057.0,45,1.0
2020-03-23,Snohomish,Washington,53061.0,518,10.0
2020-03-23,Spokane,Washington,53063.0,29,0.0
2020-03-23,Stevens,Washington,53065.0,1,0.0
2020-03-23,Thurston,Washington,53067.0,11,0.0
2020-03-23,Walla Walla,Washington,53071.0,1,0.0
2020-03-23,Whatcom,Washington,53073.0,48,2.0
2020-03-23,Whitman,Washington,53075.0,2,0.0
2020-03-23,Yakima,Washington,53077.0,25,0.0
2020-03-24,Adams,Washington,53001.0,1,0.0
2020-03-24,Benton,Washington,53005.0,12,2.0
2020-03-24,Chelan,Washington,53007.0,6,1.0
2020-03-24,Clallam,Washington,53009.0,4,0.0
2020-03-24,Clark,Washington,53011.0,16,4.0
2020-03-24,Columbia,Washington,53013.0,1,0.0
2020-03-24,Cowlitz,Washington,53015.0,3,0.0
2020-03-24,Douglas,Washington,53017.0,2,0.0
2020-03-24,Franklin,Washington,53021.0,7,0.0
2020-03-24,Grant,Washington,53025.0,27,0.0
2020-03-24,Grays Harbor,Washington,53027.0,1,0.0
2020-03-24,Island,Washington,53029.0,29,1.0
2020-03-24,Jefferson,Washington,53031.0,8,0.0
2020-03-24,King,Washington,53033.0,1278,95.0
2020-03-24,Kitsap,Washington,53035.0,20,0.0
2020-03-24,Kittitas,Washington,53037.0,6,0.0
2020-03-24,Klickitat,Washington,53039.0,6,0.0
2020-03-24,Lewis,Washington,53041.0,2,0.0
2020-03-24,Lincoln,Washington,53043.0,1,0.0
2020-03-24,Mason,Washington,53045.0,2,0.0
2020-03-24,Pierce,Washington,53053.0,138,1.0
2020-03-24,San Juan,Washington,53055.0,1,0.0
2020-03-24,Skagit,Washington,53057.0,48,1.0
2020-03-24,Snohomish,Washington,53061.0,613,15.0
2020-03-24,Spokane,Washington,53063.0,33,0.0
2020-03-24,Stevens,Washington,53065.0,1,0.0
2020-03-24,Thurston,Washington,53067.0,14,0.0
2020-03-24,Unknown,Washington,,77,0.0
2020-03-24,Walla Walla,Washington,53071.0,2,0.0
2020-03-24,Whatcom,Washington,53073.0,64,2.0
2020-03-24,Whitman,Washington,53075.0,2,0.0
2020-03-24,Yakima,Washington,53077.0,44,1.0
2020-03-25,Adams,Washington,53001.0,1,0.0
2020-03-25,Benton,Washington,53005.0,10,2.0
2020-03-25,Chelan,Washington,53007.0,11,1.0
2020-03-25,Clallam,Washington,53009.0,4,0.0
2020-03-25,Clark,Washington,53011.0,16,4.0
2020-03-25,Columbia,Washington,53013.0,1,0.0
2020-03-25,Cowlitz,Washington,53015.0,3,0.0
2020-03-25,Douglas,Washington,53017.0,2,0.0
2020-03-25,Ferry,Washington,53019.0,1,0.0
2020-03-25,Franklin,Washington,53021.0,7,0.0
2020-03-25,Grant,Washington,53025.0,26,0.0
2020-03-25,Grays Harbor,Washington,53027.0,1,0.0
2020-03-25,Island,Washington,53029.0,38,1.0
2020-03-25,Jefferson,Washington,53031.0,10,0.0
2020-03-25,King,Washington,53033.0,1360,101.0
2020-03-25,Kitsap,Washington,53035.0,27,0.0
2020-03-25,Kittitas,Washington,53037.0,6,0.0
2020-03-25,Klickitat,Washington,53039.0,6,0.0
2020-03-25,Lewis,Washington,53041.0,5,0.0
2020-03-25,Lincoln,Washington,53043.0,1,0.0
2020-03-25,Mason,Washington,53045.0,2,0.0
2020-03-25,Okanogan,Washington,53047.0,1,0.0
2020-03-25,Pierce,Washington,53053.0,155,2.0
2020-03-25,San Juan,Washington,53055.0,2,0.0
2020-03-25,Skagit,Washington,53057.0,63,1.0
2020-03-25,Snohomish,Washington,53061.0,633,15.0
2020-03-25,Spokane,Washington,53063.0,55,0.0
2020-03-25,Stevens,Washington,53065.0,2,0.0
2020-03-25,Thurston,Washington,53067.0,14,0.0
2020-03-25,Walla Walla,Washington,53071.0,3,0.0
2020-03-25,Whatcom,Washington,53073.0,66,2.0
2020-03-25,Whitman,Washington,53075.0,2,0.0
2020-03-25,Yakima,Washington,53077.0,51,1.0
2020-03-26,Adams,Washington,53001.0,3,0.0
2020-03-26,Benton,Washington,53005.0,19,4.0
2020-03-26,Chelan,Washington,53007.0,11,1.0
2020-03-26,Clallam,Washington,53009.0,5,0.0
2020-03-26,Clark,Washington,53011.0,48,5.0
2020-03-26,Columbia,Washington,53013.0,1,0.0
2020-03-26,Cowlitz,Washington,53015.0,7,0.0
2020-03-26,Douglas,Washington,53017.0,5,0.0
2020-03-26,Ferry,Washington,53019.0,1,0.0
2020-03-26,Franklin,Washington,53021.0,7,0.0
2020-03-26,Grant,Washington,53025.0,33,1.0
2020-03-26,Grays Harbor,Washington,53027.0,1,0.0
2020-03-26,Island,Washington,53029.0,64,1.0
2020-03-26,Jefferson,Washington,53031.0,11,0.0
2020-03-26,King,Washington,53033.0,1579,111.0
2020-03-26,Kitsap,Washington,53035.0,33,0.0
2020-03-26,Kittitas,Washington,53037.0,8,0.0
2020-03-26,Klickitat,Washington,53039.0,7,0.0
2020-03-26,Lewis,Washington,53041.0,5,0.0
2020-03-26,Lincoln,Washington,53043.0,1,0.0
2020-03-26,Mason,Washington,53045.0,2,0.0
2020-03-26,Okanogan,Washington,53047.0,1,0.0
2020-03-26,Pierce,Washington,53053.0,186,4.0
2020-03-26,San Juan,Washington,53055.0,3,0.0
2020-03-26,Skagit,Washington,53057.0,78,1.0
2020-03-26,Snohomish,Washington,53061.0,778,18.0
2020-03-26,Spokane,Washington,53063.0,67,0.0
2020-03-26,Stevens,Washington,53065.0,2,0.0
2020-03-26,Thurston,Washington,53067.0,24,0.0
2020-03-26,Unknown,Washington,,65,0.0
2020-03-26,Walla Walla,Washington,53071.0,3,0.0
2020-03-26,Whatcom,Washington,53073.0,86,4.0
2020-03-26,Whitman,Washington,53075.0,3,0.0
2020-03-26,Yakima,Washington,53077.0,61,2.0
2020-03-27,Adams,Washington,53001.0,5,0.0
2020-03-27,Benton,Washington,53005.0,42,5.0
2020-03-27,Chelan,Washington,53007.0,14,2.0
2020-03-27,Clallam,Washington,53009.0,5,0.0
2020-03-27,Clark,Washington,53011.0,76,6.0
2020-03-27,Columbia,Washington,53013.0,1,0.0
2020-03-27,Cowlitz,Washington,53015.0,7,0.0
2020-03-27,Douglas,Washington,53017.0,5,0.0
2020-03-27,Ferry,Washington,53019.0,1,0.0
2020-03-27,Franklin,Washington,53021.0,12,0.0
2020-03-27,Grant,Washington,53025.0,42,1.0
2020-03-27,Grays Harbor,Washington,53027.0,1,0.0
2020-03-27,Island,Washington,53029.0,79,1.0
2020-03-27,Jefferson,Washington,53031.0,11,0.0
2020-03-27,King,Washington,53033.0,1830,127.0
2020-03-27,Kitsap,Washington,53035.0,42,1.0
2020-03-27,Kittitas,Washington,53037.0,8,0.0
2020-03-27,Klickitat,Washington,53039.0,7,0.0
2020-03-27,Lewis,Washington,53041.0,7,0.0
2020-03-27,Lincoln,Washington,53043.0,1,0.0
2020-03-27,Mason,Washington,53045.0,2,0.0
2020-03-27,Okanogan,Washington,53047.0,2,0.0
2020-03-27,Pierce,Washington,53053.0,231,5.0
2020-03-27,San Juan,Washington,53055.0,3,0.0
2020-03-27,Skagit,Washington,53057.0,91,1.0
2020-03-27,Skamania,Washington,53059.0,1,0.0
2020-03-27,Snohomish,Washington,53061.0,913,23.0
2020-03-27,Spokane,Washington,53063.0,86,1.0
2020-03-27,Stevens,Washington,53065.0,3,0.0
2020-03-27,Thurston,Washington,53067.0,27,0.0
2020-03-27,Unknown,Washington,,43,0.0
2020-03-27,Walla Walla,Washington,53071.0,3,0.0
2020-03-27,Whatcom,Washington,53073.0,92,4.0
2020-03-27,Whitman,Washington,53075.0,5,0.0
2020-03-27,Yakima,Washington,53077.0,72,2.0
2020-03-28,Adams,Washington,53001.0,5,0.0
2020-03-28,Benton,Washington,53005.0,56,5.0
2020-03-28,Chelan,Washington,53007.0,14,2.0
2020-03-28,Clallam,Washington,53009.0,5,0.0
2020-03-28,Clark,Washington,53011.0,82,6.0
2020-03-28,Columbia,Washington,53013.0,1,0.0
2020-03-28,Cowlitz,Washington,53015.0,10,0.0
2020-03-28,Douglas,Washington,53017.0,5,0.0
2020-03-28,Ferry,Washington,53019.0,1,0.0
2020-03-28,Franklin,Washington,53021.0,16,0.0
2020-03-28,Grant,Washington,53025.0,44,1.0
2020-03-28,Grays Harbor,Washington,53027.0,1,0.0
2020-03-28,Island,Washington,53029.0,92,1.0
2020-03-28,Jefferson,Washington,53031.0,13,0.0
2020-03-28,King,Washington,53033.0,2079,138.0
2020-03-28,Kitsap,Washington,53035.0,49,1.0
2020-03-28,Kittitas,Washington,53037.0,8,0.0
2020-03-28,Klickitat,Washington,53039.0,7,0.0
2020-03-28,Lewis,Washington,53041.0,7,0.0
2020-03-28,Lincoln,Washington,53043.0,1,0.0
2020-03-28,Mason,Washington,53045.0,2,0.0
2020-03-28,Okanogan,Washington,53047.0,3,0.0
2020-03-28,Pierce,Washington,53053.0,282,5.0
2020-03-28,San Juan,Washington,53055.0,4,0.0
2020-03-28,Skagit,Washington,53057.0,97,3.0
2020-03-28,Skamania,Washington,53059.0,1,0.0
2020-03-28,Snohomish,Washington,53061.0,912,23.0
2020-03-28,Spokane,Washington,53063.0,108,2.0
2020-03-28,Stevens,Washington,53065.0,3,0.0
2020-03-28,Thurston,Washington,53067.0,33,0.0
2020-03-28,Unknown,Washington,,158,0.0
2020-03-28,Walla Walla,Washington,53071.0,4,0.0
2020-03-28,Whatcom,Washington,53073.0,102,4.0
2020-03-28,Whitman,Washington,53075.0,6,0.0
2020-03-28,Yakima,Washington,53077.0,100,2.0
2020-03-29,Adams,Washington,53001.0,7,0.0
2020-03-29,Benton,Washington,53005.0,101,5.0
2020-03-29,Chelan,Washington,53007.0,15,2.0
2020-03-29,Clallam,Washington,53009.0,6,0.0
2020-03-29,Clark,Washington,53011.0,90,6.0
2020-03-29,Columbia,Washington,53013.0,1,0.0
2020-03-29,Cowlitz,Washington,53015.0,13,0.0
2020-03-29,Douglas,Washington,53017.0,5,0.0
2020-03-29,Ferry,Washington,53019.0,1,0.0
2020-03-29,Franklin,Washington,53021.0,32,0.0
2020-03-29,Grant,Washington,53025.0,58,1.0
2020-03-29,Grays Harbor,Washington,53027.0,1,0.0
2020-03-29,Island,Washington,53029.0,95,1.0
2020-03-29,Jefferson,Washington,53031.0,14,0.0
2020-03-29,King,Washington,53033.0,2163,146.0
2020-03-29,Kitsap,Washington,53035.0,56,1.0
2020-03-29,Kittitas,Washington,53037.0,8,0.0
2020-03-29,Klickitat,Washington,53039.0,7,1.0
2020-03-29,Lewis,Washington,53041.0,10,0.0
2020-03-29,Lincoln,Washington,53043.0,1,0.0
2020-03-29,Mason,Washington,53045.0,2,0.0
2020-03-29,Okanogan,Washington,53047.0,3,0.0
2020-03-29,Pierce,Washington,53053.0,318,6.0
2020-03-29,San Juan,Washington,53055.0,4,0.0
2020-03-29,Skagit,Washington,53057.0,101,3.0
2020-03-29,Skamania,Washington,53059.0,1,0.0
2020-03-29,Snohomish,Washington,53061.0,1067,23.0
2020-03-29,Spokane,Washington,53063.0,140,4.0
2020-03-29,Stevens,Washington,53065.0,3,0.0
2020-03-29,Thurston,Washington,53067.0,36,0.0
2020-03-29,Unknown,Washington,,262,0.0
2020-03-29,Walla Walla,Washington,53071.0,7,0.0
2020-03-29,Whatcom,Washington,53073.0,116,7.0
2020-03-29,Whitman,Washington,53075.0,6,0.0
2020-03-29,Yakima,Washington,53077.0,147,3.0
2020-03-30,Adams,Washington,53001.0,7,0.0
2020-03-30,Benton,Washington,53005.0,101,5.0
2020-03-30,Chelan,Washington,53007.0,15,2.0
2020-03-30,Clallam,Washington,53009.0,6,0.0
2020-03-30,Clark,Washington,53011.0,110,6.0
2020-03-30,Columbia,Washington,53013.0,1,0.0
2020-03-30,Cowlitz,Washington,53015.0,13,0.0
2020-03-30,Douglas,Washington,53017.0,5,0.0
2020-03-30,Ferry,Washington,53019.0,1,0.0
2020-03-30,Franklin,Washington,53021.0,32,0.0
2020-03-30,Grant,Washington,53025.0,62,0.0
2020-03-30,Grays Harbor,Washington,53027.0,1,0.0
2020-03-30,Island,Washington,53029.0,95,1.0
2020-03-30,Jefferson,Washington,53031.0,14,0.0
2020-03-30,King,Washington,53033.0,2332,152.0
2020-03-30,Kitsap,Washington,53035.0,63,1.0
2020-03-30,Kittitas,Washington,53037.0,8,0.0
2020-03-30,Klickitat,Washington,53039.0,7,1.0
2020-03-30,Lewis,Washington,53041.0,10,0.0
2020-03-30,Lincoln,Washington,53043.0,1,0.0
2020-03-30,Mason,Washington,53045.0,2,0.0
2020-03-30,Okanogan,Washington,53047.0,3,0.0
2020-03-30,Pierce,Washington,53053.0,353,6.0
2020-03-30,San Juan,Washington,53055.0,4,0.0
2020-03-30,Skagit,Washington,53057.0,101,3.0
2020-03-30,Skamania,Washington,53059.0,1,0.0
2020-03-30,Snohomish,Washington,53061.0,1126,30.0
2020-03-30,Spokane,Washington,53063.0,140,4.0
2020-03-30,Stevens,Washington,53065.0,4,0.0
2020-03-30,Thurston,Washington,53067.0,43,0.0
2020-03-30,Unknown,Washington,,243,0.0
2020-03-30,Walla Walla,Washington,53071.0,7,0.0
2020-03-30,Whatcom,Washington,53073.0,116,7.0
2020-03-30,Whitman,Washington,53075.0,6,0.0
2020-03-30,Yakima,Washington,53077.0,147,3.0
2020-03-31,Adams,Washington,53001.0,7,0.0
2020-03-31,Benton,Washington,53005.0,101,6.0
2020-03-31,Chelan,Washington,53007.0,15,2.0
2020-03-31,Clallam,Washington,53009.0,6,0.0
2020-03-31,Clark,Washington,53011.0,116,6.0
2020-03-31,Columbia,Washington,53013.0,1,0.0
2020-03-31,Cowlitz,Washington,53015.0,13,0.0
2020-03-31,Douglas,Washington,53017.0,5,0.0
2020-03-31,Ferry,Washington,53019.0,1,0.0
2020-03-31,Franklin,Washington,53021.0,33,0.0
2020-03-31,Grant,Washington,53025.0,62,0.0
2020-03-31,Grays Harbor,Washington,53027.0,1,0.0
2020-03-31,Island,Washington,53029.0,106,3.0
2020-03-31,Jefferson,Washington,53031.0,14,0.0
2020-03-31,King,Washington,53033.0,2332,152.0
2020-03-31,Kitsap,Washington,53035.0,63,1.0
2020-03-31,Kittitas,Washington,53037.0,8,0.0
2020-03-31,Klickitat,Washington,53039.0,7,1.0
2020-03-31,Lewis,Washington,53041.0,10,0.0
2020-03-31,Lincoln,Washington,53043.0,1,0.0
2020-03-31,Mason,Washington,53045.0,2,0.0
2020-03-31,Okanogan,Washington,53047.0,3,0.0
2020-03-31,Pierce,Washington,53053.0,353,6.0
2020-03-31,San Juan,Washington,53055.0,4,0.0
2020-03-31,Skagit,Washington,53057.0,101,3.0
2020-03-31,Skamania,Washington,53059.0,1,0.0
2020-03-31,Snohomish,Washington,53061.0,1228,32.0
2020-03-31,Spokane,Washington,53063.0,140,4.0
2020-03-31,Stevens,Washington,53065.0,4,0.0
2020-03-31,Thurston,Washington,53067.0,48,0.0
2020-03-31,Unknown,Washington,,231,0.0
2020-03-31,Walla Walla,Washington,53071.0,7,0.0
2020-03-31,Whatcom,Washington,53073.0,116,7.0
2020-03-31,Whitman,Washington,53075.0,6,0.0
2020-03-31,Yakima,Washington,53077.0,147,3.0
2020-04-01,Adams,Washington,53001.0,14,0.0
2020-04-01,Benton,Washington,53005.0,108,6.0
2020-04-01,Chelan,Washington,53007.0,15,2.0
2020-04-01,Clallam,Washington,53009.0,8,0.0
2020-04-01,Clark,Washington,53011.0,130,6.0
2020-04-01,Columbia,Washington,53013.0,1,0.0
2020-04-01,Cowlitz,Washington,53015.0,18,0.0
2020-04-01,Douglas,Washington,53017.0,5,0.0
2020-04-01,Ferry,Washington,53019.0,1,0.0
2020-04-01,Franklin,Washington,53021.0,33,0.0
2020-04-01,Grant,Washington,53025.0,73,0.0
2020-04-01,Grays Harbor,Washington,53027.0,1,0.0
2020-04-01,Island,Washington,53029.0,114,3.0
2020-04-01,Jefferson,Washington,53031.0,17,0.0
2020-04-01,King,Washington,53033.0,2498,166.0
2020-04-01,Kitsap,Washington,53035.0,74,1.0
2020-04-01,Kittitas,Washington,53037.0,10,0.0
2020-04-01,Klickitat,Washington,53039.0,9,1.0
2020-04-01,Lewis,Washington,53041.0,10,0.0
2020-04-01,Lincoln,Washington,53043.0,1,0.0
2020-04-01,Mason,Washington,53045.0,6,0.0
2020-04-01,Okanogan,Washington,53047.0,3,0.0
2020-04-01,Pierce,Washington,53053.0,424,7.0
2020-04-01,San Juan,Washington,53055.0,6,0.0
2020-04-01,Skagit,Washington,53057.0,143,4.0
2020-04-01,Skamania,Washington,53059.0,1,0.0
2020-04-01,Snohomish,Washington,53061.0,1304,39.0
2020-04-01,Spokane,Washington,53063.0,145,4.0
2020-04-01,Stevens,Washington,53065.0,4,0.0
2020-04-01,Thurston,Washington,53067.0,51,0.0
2020-04-01,Walla Walla,Washington,53071.0,8,0.0
2020-04-01,Whatcom,Washington,53073.0,144,8.0
2020-04-01,Whitman,Washington,53075.0,10,0.0
2020-04-01,Yakima,Washington,53077.0,200,3.0
2020-04-02,Adams,Washington,53001.0,20,0.0
2020-04-02,Benton,Washington,53005.0,133,9.0
2020-04-02,Chelan,Washington,53007.0,19,3.0
2020-04-02,Clallam,Washington,53009.0,8,0.0
2020-04-02,Clark,Washington,53011.0,131,8.0
2020-04-02,Columbia,Washington,53013.0,1,0.0
2020-04-02,Cowlitz,Washington,53015.0,16,0.0
2020-04-02,Douglas,Washington,53017.0,6,0.0
2020-04-02,Ferry,Washington,53019.0,1,0.0
2020-04-02,Franklin,Washington,53021.0,43,0.0
2020-04-02,Grant,Washington,53025.0,74,0.0
2020-04-02,Grays Harbor,Washington,53027.0,2,0.0
2020-04-02,Island,Washington,53029.0,119,4.0
2020-04-02,Jefferson,Washington,53031.0,19,0.0
2020-04-02,King,Washington,53033.0,2658,177.0
2020-04-02,Kitsap,Washington,53035.0,85,0.0
2020-04-02,Kittitas,Washington,53037.0,10,0.0
2020-04-02,Klickitat,Washington,53039.0,9,1.0
2020-04-02,Lewis,Washington,53041.0,12,0.0
2020-04-02,Lincoln,Washington,53043.0,1,0.0
2020-04-02,Mason,Washington,53045.0,13,0.0
2020-04-02,Okanogan,Washington,53047.0,4,0.0
2020-04-02,Pend Oreille,Washington,53051.0,1,0.0
2020-04-02,Pierce,Washington,53053.0,499,7.0
2020-04-02,San Juan,Washington,53055.0,6,0.0
2020-04-02,Skagit,Washington,53057.0,153,4.0
2020-04-02,Skamania,Washington,53059.0,1,0.0
2020-04-02,Snohomish,Washington,53061.0,1375,39.0
2020-04-02,Spokane,Washington,53063.0,186,5.0
2020-04-02,Stevens,Washington,53065.0,5,0.0
2020-04-02,Thurston,Washington,53067.0,55,0.0
2020-04-02,Unknown,Washington,,510,0.0
2020-04-02,Walla Walla,Washington,53071.0,9,0.0
2020-04-02,Whatcom,Washington,53073.0,175,9.0
2020-04-02,Whitman,Washington,53075.0,11,0.0
2020-04-02,Yakima,Washington,53077.0,216,6.0
2020-04-03,Adams,Washington,53001.0,20,0.0
2020-04-03,Asotin,Washington,53003.0,1,0.0
2020-04-03,Benton,Washington,53005.0,136,13.0
2020-04-03,Chelan,Washington,53007.0,20,3.0
2020-04-03,Clallam,Washington,53009.0,8,0.0
2020-04-03,Clark,Washington,53011.0,137,8.0
2020-04-03,Columbia,Washington,53013.0,1,0.0
2020-04-03,Cowlitz,Washington,53015.0,18,0.0
2020-04-03,Douglas,Washington,53017.0,7,0.0
2020-04-03,Ferry,Washington,53019.0,1,0.0
2020-04-03,Franklin,Washington,53021.0,45,1.0
2020-04-03,Grant,Washington,53025.0,77,0.0
2020-04-03,Grays Harbor,Washington,53027.0,3,0.0
2020-04-03,Island,Washington,53029.0,122,4.0
2020-04-03,Jefferson,Washington,53031.0,19,0.0
2020-04-03,King,Washington,53033.0,2789,188.0
2020-04-03,Kitsap,Washington,53035.0,95,0.0
2020-04-03,Kittitas,Washington,53037.0,10,0.0
2020-04-03,Klickitat,Washington,53039.0,9,1.0
2020-04-03,Lewis,Washington,53041.0,12,0.0
2020-04-03,Lincoln,Washington,53043.0,1,0.0
2020-04-03,Mason,Washington,53045.0,13,0.0
2020-04-03,Okanogan,Washington,53047.0,4,0.0
2020-04-03,Pend Oreille,Washington,53051.0,1,0.0
2020-04-03,Pierce,Washington,53053.0,578,7.0
2020-04-03,San Juan,Washington,53055.0,6,0.0
2020-04-03,Skagit,Washington,53057.0,160,4.0
2020-04-03,Skamania,Washington,53059.0,1,0.0
2020-04-03,Snohomish,Washington,53061.0,1449,41.0
2020-04-03,Spokane,Washington,53063.0,194,7.0
2020-04-03,Stevens,Washington,53065.0,5,0.0
2020-04-03,Thurston,Washington,53067.0,58,0.0
2020-04-03,Unknown,Washington,,476,0.0
2020-04-03,Walla Walla,Washington,53071.0,9,0.0
2020-04-03,Whatcom,Washington,53073.0,182,9.0
2020-04-03,Whitman,Washington,53075.0,11,0.0
2020-04-03,Yakima,Washington,53077.0,289,7.0
2020-04-04,Adams,Washington,53001.0,23,0.0
2020-04-04,Asotin,Washington,53003.0,2,0.0
2020-04-04,Benton,Washington,53005.0,151,13.0
2020-04-04,Chelan,Washington,53007.0,23,3.0
2020-04-04,Clallam,Washington,53009.0,8,0.0
2020-04-04,Clark,Washington,53011.0,137,8.0
2020-04-04,Columbia,Washington,53013.0,1,0.0
2020-04-04,Cowlitz,Washington,53015.0,18,0.0
2020-04-04,Douglas,Washington,53017.0,10,0.0
2020-04-04,Ferry,Washington,53019.0,1,0.0
2020-04-04,Franklin,Washington,53021.0,49,1.0
2020-04-04,Grant,Washington,53025.0,80,1.0
2020-04-04,Grays Harbor,Washington,53027.0,3,0.0
2020-04-04,Island,Washington,53029.0,130,4.0
2020-04-04,Jefferson,Washington,53031.0,20,0.0
2020-04-04,King,Washington,53033.0,2900,204.0
2020-04-04,Kitsap,Washington,53035.0,95,0.0
2020-04-04,Kittitas,Washington,53037.0,10,0.0
2020-04-04,Klickitat,Washington,53039.0,9,1.0
2020-04-04,Lewis,Washington,53041.0,12,0.0
2020-04-04,Lincoln,Washington,53043.0,1,0.0
2020-04-04,Mason,Washington,53045.0,13,0.0
2020-04-04,Okanogan,Washington,53047.0,7,0.0
2020-04-04,Pend Oreille,Washington,53051.0,1,0.0
2020-04-04,Pierce,Washington,53053.0,627,8.0
2020-04-04,San Juan,Washington,53055.0,7,0.0
2020-04-04,Skagit,Washington,53057.0,161,4.0
2020-04-04,Skamania,Washington,53059.0,1,0.0
2020-04-04,Snohomish,Washington,53061.0,1502,44.0
2020-04-04,Spokane,Washington,53063.0,209,10.0
2020-04-04,Stevens,Washington,53065.0,5,0.0
2020-04-04,Thurston,Washington,53067.0,64,1.0
2020-04-04,Unknown,Washington,,710,0.0
2020-04-04,Wahkiakum,Washington,53069.0,1,0.0
2020-04-04,Walla Walla,Washington,53071.0,9,0.0
2020-04-04,Whatcom,Washington,53073.0,199,9.0
2020-04-04,Whitman,Washington,53075.0,11,0.0
2020-04-04,Yakima,Washington,53077.0,289,7.0
2020-04-05,Adams,Washington,53001.0,26,0.0
2020-04-05,Asotin,Washington,53003.0,3,0.0
2020-04-05,Benton,Washington,53005.0,166,13.0
2020-04-05,Chelan,Washington,53007.0,29,3.0
2020-04-05,Clallam,Washington,53009.0,8,0.0
2020-04-05,Clark,Washington,53011.0,145,8.0
2020-04-05,Columbia,Washington,53013.0,1,0.0
2020-04-05,Cowlitz,Washington,53015.0,18,0.0
2020-04-05,Douglas,Washington,53017.0,10,0.0
2020-04-05,Ferry,Washington,53019.0,1,0.0
2020-04-05,Franklin,Washington,53021.0,59,2.0
2020-04-05,Grant,Washington,53025.0,87,1.0
2020-04-05,Grays Harbor,Washington,53027.0,6,0.0
2020-04-05,Island,Washington,53029.0,132,5.0
2020-04-05,Jefferson,Washington,53031.0,22,0.0
2020-04-05,King,Washington,53033.0,3169,210.0
2020-04-05,Kitsap,Washington,53035.0,102,0.0
2020-04-05,Kittitas,Washington,53037.0,11,0.0
2020-04-05,Klickitat,Washington,53039.0,9,1.0
2020-04-05,Lewis,Washington,53041.0,16,0.0
2020-04-05,Lincoln,Washington,53043.0,1,0.0
2020-04-05,Mason,Washington,53045.0,14,0.0
2020-04-05,Okanogan,Washington,53047.0,9,0.0
2020-04-05,Pend Oreille,Washington,53051.0,1,0.0
2020-04-05,Pierce,Washington,53053.0,695,10.0
2020-04-05,San Juan,Washington,53055.0,7,0.0
2020-04-05,Skagit,Washington,53057.0,161,4.0
2020-04-05,Skamania,Washington,53059.0,1,0.0
2020-04-05,Snohomish,Washington,53061.0,1558,48.0
2020-04-05,Spokane,Washington,53063.0,219,11.0
2020-04-05,Stevens,Washington,53065.0,5,0.0
2020-04-05,Thurston,Washington,53067.0,67,1.0
2020-04-05,Unknown,Washington,,615,0.0
2020-04-05,Wahkiakum,Washington,53069.0,2,0.0
2020-04-05,Walla Walla,Washington,53071.0,12,0.0
2020-04-05,Whatcom,Washington,53073.0,224,15.0
2020-04-05,Whitman,Washington,53075.0,11,0.0
2020-04-05,Yakima,Washington,53077.0,363,12.0
2020-04-06,Adams,Washington,53001.0,27,0.0
2020-04-06,Asotin,Washington,53003.0,4,0.0
2020-04-06,Benton,Washington,53005.0,175,17.0
2020-04-06,Chelan,Washington,53007.0,34,3.0
2020-04-06,Clallam,Washington,53009.0,8,0.0
2020-04-06,Clark,Washington,53011.0,168,11.0
2020-04-06,Columbia,Washington,53013.0,1,0.0
2020-04-06,Cowlitz,Washington,53015.0,21,0.0
2020-04-06,Douglas,Washington,53017.0,10,0.0
2020-04-06,Ferry,Washington,53019.0,1,0.0
2020-04-06,Franklin,Washington,53021.0,64,1.0
2020-04-06,Grant,Washington,53025.0,90,2.0
2020-04-06,Grays Harbor,Washington,53027.0,6,0.0
2020-04-06,Island,Washington,53029.0,142,5.0
2020-04-06,Jefferson,Washington,53031.0,27,0.0
2020-04-06,King,Washington,53033.0,3333,224.0
2020-04-06,Kitsap,Washington,53035.0,111,1.0
2020-04-06,Kittitas,Washington,53037.0,13,0.0
2020-04-06,Klickitat,Washington,53039.0,11,1.0
2020-04-06,Lewis,Washington,53041.0,16,1.0
2020-04-06,Lincoln,Washington,53043.0,1,0.0
2020-04-06,Mason,Washington,53045.0,15,0.0
2020-04-06,Okanogan,Washington,53047.0,9,0.0
2020-04-06,Pend Oreille,Washington,53051.0,1,0.0
2020-04-06,Pierce,Washington,53053.0,724,12.0
2020-04-06,San Juan,Washington,53055.0,10,0.0
2020-04-06,Skagit,Washington,53057.0,166,4.0
2020-04-06,Skamania,Washington,53059.0,2,0.0
2020-04-06,Snohomish,Washington,53061.0,1602,57.0
2020-04-06,Spokane,Washington,53063.0,226,12.0
2020-04-06,Stevens,Washington,53065.0,5,0.0
2020-04-06,Thurston,Washington,53067.0,72,1.0
2020-04-06,Unknown,Washington,,653,0.0
2020-04-06,Wahkiakum,Washington,53069.0,2,0.0
2020-04-06,Walla Walla,Washington,53071.0,14,0.0
2020-04-06,Whatcom,Washington,53073.0,228,19.0
2020-04-06,Whitman,Washington,53075.0,13,0.0
2020-04-06,Yakima,Washington,53077.0,380,12.0
2020-04-07,Adams,Washington,53001.0,29,0.0
2020-04-07,Asotin,Washington,53003.0,4,0.0
2020-04-07,Benton,Washington,53005.0,179,19.0
2020-04-07,Chelan,Washington,53007.0,34,3.0
2020-04-07,Clallam,Washington,53009.0,9,0.0
2020-04-07,Clark,Washington,53011.0,185,13.0
2020-04-07,Columbia,Washington,53013.0,1,0.0
2020-04-07,Cowlitz,Washington,53015.0,21,0.0
2020-04-07,Douglas,Washington,53017.0,10,0.0
2020-04-07,Ferry,Washington,53019.0,1,0.0
2020-04-07,Franklin,Washington,53021.0,75,2.0
2020-04-07,Grant,Washington,53025.0,93,2.0
2020-04-07,Grays Harbor,Washington,53027.0,6,0.0
2020-04-07,Island,Washington,53029.0,145,6.0
2020-04-07,Jefferson,Washington,53031.0,27,0.0
2020-04-07,King,Washington,53033.0,3488,232.0
2020-04-07,Kitsap,Washington,53035.0,119,1.0
2020-04-07,Kittitas,Washington,53037.0,13,0.0
2020-04-07,Klickitat,Washington,53039.0,11,1.0
2020-04-07,Lewis,Washington,53041.0,16,1.0
2020-04-07,Lincoln,Washington,53043.0,1,0.0
2020-04-07,Mason,Washington,53045.0,17,0.0
2020-04-07,Okanogan,Washington,53047.0,10,0.0
2020-04-07,Pend Oreille,Washington,53051.0,1,0.0
2020-04-07,Pierce,Washington,53053.0,767,14.0
2020-04-07,San Juan,Washington,53055.0,11,0.0
2020-04-07,Skagit,Washington,53057.0,169,5.0
2020-04-07,Skamania,Washington,53059.0,2,0.0
2020-04-07,Snohomish,Washington,53061.0,1658,60.0
2020-04-07,Spokane,Washington,53063.0,231,13.0
2020-04-07,Stevens,Washington,53065.0,5,0.0
2020-04-07,Thurston,Washington,53067.0,74,1.0
2020-04-07,Unknown,Washington,,601,0.0
2020-04-07,Wahkiakum,Washington,53069.0,2,0.0
2020-04-07,Walla Walla,Washington,53071.0,17,0.0
2020-04-07,Whatcom,Washington,53073.0,238,19.0
2020-04-07,Whitman,Washington,53075.0,13,0.0
2020-04-07,Yakima,Washington,53077.0,400,17.0
2020-04-08,Adams,Washington,53001.0,30,0.0
2020-04-08,Asotin,Washington,53003.0,4,0.0
2020-04-08,Benton,Washington,53005.0,190,19.0
2020-04-08,Chelan,Washington,53007.0,35,3.0
2020-04-08,Clallam,Washington,53009.0,10,0.0
2020-04-08,Clark,Washington,53011.0,190,13.0
2020-04-08,Columbia,Washington,53013.0,1,0.0
2020-04-08,Cowlitz,Washington,53015.0,21,0.0
2020-04-08,Douglas,Washington,53017.0,12,0.0
2020-04-08,Ferry,Washington,53019.0,1,0.0
2020-04-08,Franklin,Washington,53021.0,75,2.0
2020-04-08,Grant,Washington,53025.0,95,2.0
2020-04-08,Grays Harbor,Washington,53027.0,7,0.0
2020-04-08,Island,Washington,53029.0,149,7.0
2020-04-08,Jefferson,Washington,53031.0,27,0.0
2020-04-08,King,Washington,53033.0,3690,246.0
2020-04-08,Kitsap,Washington,53035.0,119,1.0
2020-04-08,Kittitas,Washington,53037.0,15,0.0
2020-04-08,Klickitat,Washington,53039.0,11,1.0
2020-04-08,Lewis,Washington,53041.0,17,2.0
2020-04-08,Lincoln,Washington,53043.0,1,0.0
2020-04-08,Mason,Washington,53045.0,17,0.0
2020-04-08,Okanogan,Washington,53047.0,12,0.0
2020-04-08,Pend Oreille,Washington,53051.0,1,0.0
2020-04-08,Pierce,Washington,53053.0,802,16.0
2020-04-08,San Juan,Washington,53055.0,12,0.0
2020-04-08,Skagit,Washington,53057.0,169,5.0
2020-04-08,Skamania,Washington,53059.0,2,0.0
2020-04-08,Snohomish,Washington,53061.0,1694,61.0
2020-04-08,Spokane,Washington,53063.0,231,13.0
2020-04-08,Stevens,Washington,53065.0,6,0.0
2020-04-08,Thurston,Washington,53067.0,77,1.0
2020-04-08,Unknown,Washington,,705,0.0
2020-04-08,Wahkiakum,Washington,53069.0,2,0.0
2020-04-08,Walla Walla,Washington,53071.0,17,0.0
2020-04-08,Whatcom,Washington,53073.0,238,20.0
2020-04-08,Whitman,Washington,53075.0,13,0.0
2020-04-08,Yakima,Washington,53077.0,400,18.0
2020-04-09,Adams,Washington,53001.0,30,0.0
2020-04-09,Asotin,Washington,53003.0,4,0.0
2020-04-09,Benton,Washington,53005.0,215,25.0
2020-04-09,Chelan,Washington,53007.0,43,3.0
2020-04-09,Clallam,Washington,53009.0,11,0.0
2020-04-09,Clark,Washington,53011.0,194,13.0
2020-04-09,Columbia,Washington,53013.0,1,0.0
2020-04-09,Cowlitz,Washington,53015.0,21,0.0
2020-04-09,Douglas,Washington,53017.0,13,0.0
2020-04-09,Ferry,Washington,53019.0,1,0.0
2020-04-09,Franklin,Washington,53021.0,93,2.0
2020-04-09,Grant,Washington,53025.0,101,2.0
2020-04-09,Grays Harbor,Washington,53027.0,8,0.0
2020-04-09,Island,Washington,53029.0,151,7.0
2020-04-09,Jefferson,Washington,53031.0,28,0.0
2020-04-09,King,Washington,53033.0,3888,260.0
2020-04-09,Kitsap,Washington,53035.0,123,1.0
2020-04-09,Kittitas,Washington,53037.0,15,0.0
2020-04-09,Klickitat,Washington,53039.0,11,1.0
2020-04-09,Lewis,Washington,53041.0,18,2.0
2020-04-09,Lincoln,Washington,53043.0,1,0.0
2020-04-09,Mason,Washington,53045.0,18,0.0
2020-04-09,Okanogan,Washington,53047.0,12,0.0
2020-04-09,Pend Oreille,Washington,53051.0,1,0.0
2020-04-09,Pierce,Washington,53053.0,845,17.0
2020-04-09,San Juan,Washington,53055.0,12,0.0
2020-04-09,Skagit,Washington,53057.0,178,5.0
2020-04-09,Skamania,Washington,53059.0,2,0.0
2020-04-09,Snohomish,Washington,53061.0,1701,63.0
2020-04-09,Spokane,Washington,53063.0,246,14.0
2020-04-09,Stevens,Washington,53065.0,6,0.0
2020-04-09,Thurston,Washington,53067.0,81,1.0
2020-04-09,Unknown,Washington,,815,0.0
2020-04-09,Wahkiakum,Washington,53069.0,2,0.0
2020-04-09,Walla Walla,Washington,53071.0,17,0.0
2020-04-09,Whatcom,Washington,53073.0,243,21.0
2020-04-09,Whitman,Washington,53075.0,13,0.0
2020-04-09,Yakima,Washington,53077.0,447,19.0
2020-04-10,Adams,Washington,53001.0,30,0.0
2020-04-10,Asotin,Washington,53003.0,4,0.0
2020-04-10,Benton,Washington,53005.0,234,25.0
2020-04-10,Chelan,Washington,53007.0,45,3.0
2020-04-10,Clallam,Washington,53009.0,11,0.0
2020-04-10,Clark,Washington,53011.0,220,14.0
2020-04-10,Columbia,Washington,53013.0,1,0.0
2020-04-10,Cowlitz,Washington,53015.0,23,0.0
2020-04-10,Douglas,Washington,53017.0,16,0.0
2020-04-10,Ferry,Washington,53019.0,1,0.0
2020-04-10,Franklin,Washington,53021.0,107,2.0
2020-04-10,Grant,Washington,53025.0,101,2.0
2020-04-10,Grays Harbor,Washington,53027.0,8,0.0
2020-04-10,Island,Washington,53029.0,155,7.0
2020-04-10,Jefferson,Washington,53031.0,28,0.0
2020-04-10,King,Washington,53033.0,4119,279.0
2020-04-10,Kitsap,Washington,53035.0,128,1.0
2020-04-10,Kittitas,Washington,53037.0,15,0.0
2020-04-10,Klickitat,Washington,53039.0,12,1.0
2020-04-10,Lewis,Washington,53041.0,18,2.0
2020-04-10,Lincoln,Washington,53043.0,1,0.0
2020-04-10,Mason,Washington,53045.0,18,0.0
2020-04-10,Okanogan,Washington,53047.0,14,0.0
2020-04-10,Pacific,Washington,53049.0,1,0.0
2020-04-10,Pend Oreille,Washington,53051.0,1,0.0
2020-04-10,Pierce,Washington,53053.0,882,19.0
2020-04-10,San Juan,Washington,53055.0,12,0.0
2020-04-10,Skagit,Washington,53057.0,178,5.0
2020-04-10,Skamania,Washington,53059.0,2,0.0
2020-04-10,Snohomish,Washington,53061.0,1801,66.0
2020-04-10,Spokane,Washington,53063.0,255,14.0
2020-04-10,Stevens,Washington,53065.0,6,0.0
2020-04-10,Thurston,Washington,53067.0,81,1.0
2020-04-10,Unknown,Washington,,627,0.0
2020-04-10,Wahkiakum,Washington,53069.0,2,0.0
2020-04-10,Walla Walla,Washington,53071.0,21,0.0
2020-04-10,Whatcom,Washington,53073.0,250,23.0
2020-04-10,Whitman,Washington,53075.0,13,0.0
2020-04-10,Yakima,Washington,53077.0,447,19.0
2020-04-11,Adams,Washington,53001.0,36,0.0
2020-04-11,Asotin,Washington,53003.0,5,0.0
2020-04-11,Benton,Washington,53005.0,246,26.0
2020-04-11,Chelan,Washington,53007.0,54,6.0
2020-04-11,Clallam,Washington,53009.0,12,0.0
2020-04-11,Clark,Washington,53011.0,220,14.0
2020-04-11,Columbia,Washington,53013.0,1,0.0
2020-04-11,Cowlitz,Washington,53015.0,23,0.0
2020-04-11,Douglas,Washington,53017.0,16,0.0
2020-04-11,Ferry,Washington,53019.0,1,0.0
2020-04-11,Franklin,Washington,53021.0,112,2.0
2020-04-11,Grant,Washington,53025.0,111,2.0
2020-04-11,Grays Harbor,Washington,53027.0,11,0.0
2020-04-11,Island,Washington,53029.0,157,7.0
2020-04-11,Jefferson,Washington,53031.0,28,0.0
2020-04-11,King,Washington,53033.0,4264,286.0
2020-04-11,Kitsap,Washington,53035.0,132,1.0
2020-04-11,Kittitas,Washington,53037.0,15,0.0
2020-04-11,Klickitat,Washington,53039.0,12,1.0
2020-04-11,Lewis,Washington,53041.0,18,2.0
2020-04-11,Lincoln,Washington,53043.0,2,0.0
2020-04-11,Mason,Washington,53045.0,19,0.0
2020-04-11,Okanogan,Washington,53047.0,14,0.0
2020-04-11,Pacific,Washington,53049.0,1,0.0
2020-04-11,Pend Oreille,Washington,53051.0,1,0.0
2020-04-11,Pierce,Washington,53053.0,931,19.0
2020-04-11,San Juan,Washington,53055.0,13,0.0
2020-04-11,Skagit,Washington,53057.0,187,6.0
2020-04-11,Skamania,Washington,53059.0,3,0.0
2020-04-11,Snohomish,Washington,53061.0,1834,67.0
2020-04-11,Spokane,Washington,53063.0,255,14.0
2020-04-11,Stevens,Washington,53065.0,6,0.0
2020-04-11,Thurston,Washington,53067.0,81,1.0
2020-04-11,Unknown,Washington,,583,0.0
2020-04-11,Wahkiakum,Washington,53069.0,2,0.0
2020-04-11,Walla Walla,Washington,53071.0,21,0.0
2020-04-11,Whatcom,Washington,53073.0,252,23.0
2020-04-11,Whitman,Washington,53075.0,13,0.0
2020-04-11,Yakima,Washington,53077.0,535,21.0
2020-04-12,Adams,Washington,53001.0,37,0.0
2020-04-12,Asotin,Washington,53003.0,5,0.0
2020-04-12,Benton,Washington,53005.0,250,28.0
2020-04-12,Chelan,Washington,53007.0,55,6.0
2020-04-12,Clallam,Washington,53009.0,12,0.0
2020-04-12,Clark,Washington,53011.0,220,14.0
2020-04-12,Columbia,Washington,53013.0,1,0.0
2020-04-12,Cowlitz,Washington,53015.0,23,0.0
2020-04-12,Douglas,Washington,53017.0,18,0.0
2020-04-12,Ferry,Washington,53019.0,1,0.0
2020-04-12,Franklin,Washington,53021.0,120,2.0
2020-04-12,Grant,Washington,53025.0,119,2.0
2020-04-12,Grays Harbor,Washington,53027.0,11,0.0
2020-04-12,Island,Washington,53029.0,158,7.0
2020-04-12,Jefferson,Washington,53031.0,28,0.0
2020-04-12,King,Washington,53033.0,4428,294.0
2020-04-12,Kitsap,Washington,53035.0,132,1.0
2020-04-12,Kittitas,Washington,53037.0,15,0.0
2020-04-12,Klickitat,Washington,53039.0,14,1.0
2020-04-12,Lewis,Washington,53041.0,18,2.0
2020-04-12,Lincoln,Washington,53043.0,2,0.0
2020-04-12,Mason,Washington,53045.0,19,0.0
2020-04-12,Okanogan,Washington,53047.0,14,0.0
2020-04-12,Pacific,Washington,53049.0,1,0.0
2020-04-12,Pend Oreille,Washington,53051.0,1,0.0
2020-04-12,Pierce,Washington,53053.0,940,20.0
2020-04-12,San Juan,Washington,53055.0,13,0.0
2020-04-12,Skagit,Washington,53057.0,191,6.0
2020-04-12,Skamania,Washington,53059.0,3,0.0
2020-04-12,Snohomish,Washington,53061.0,1866,69.0
2020-04-12,Spokane,Washington,53063.0,278,14.0
2020-04-12,Stevens,Washington,53065.0,7,0.0
2020-04-12,Thurston,Washington,53067.0,81,1.0
2020-04-12,Unknown,Washington,,499,0.0
2020-04-12,Wahkiakum,Washington,53069.0,2,0.0
2020-04-12,Walla Walla,Washington,53071.0,21,0.0
2020-04-12,Whatcom,Washington,53073.0,263,23.0
2020-04-12,Whitman,Washington,53075.0,13,0.0
2020-04-12,Yakima,Washington,53077.0,535,21.0
2020-04-13,Adams,Washington,53001.0,39,0.0
2020-04-13,Asotin,Washington,53003.0,6,0.0
2020-04-13,Benton,Washington,53005.0,261,29.0
2020-04-13,Chelan,Washington,53007.0,60,6.0
2020-04-13,Clallam,Washington,53009.0,12,0.0
2020-04-13,Clark,Washington,53011.0,239,15.0
2020-04-13,Columbia,Washington,53013.0,1,0.0
2020-04-13,Cowlitz,Washington,53015.0,24,0.0
2020-04-13,Douglas,Washington,53017.0,20,0.0
2020-04-13,Ferry,Washington,53019.0,1,0.0
2020-04-13,Franklin,Washington,53021.0,129,2.0
2020-04-13,Grant,Washington,53025.0,121,2.0
2020-04-13,Grays Harbor,Washington,53027.0,11,0.0
2020-04-13,Island,Washington,53029.0,158,7.0
2020-04-13,Jefferson,Washington,53031.0,28,0.0
2020-04-13,King,Washington,53033.0,4551,298.0
2020-04-13,Kitsap,Washington,53035.0,132,1.0
2020-04-13,Kittitas,Washington,53037.0,14,0.0
2020-04-13,Klickitat,Washington,53039.0,14,1.0
2020-04-13,Lewis,Washington,53041.0,17,2.0
2020-04-13,Lincoln,Washington,53043.0,2,0.0
2020-04-13,Mason,Washington,53045.0,19,0.0
2020-04-13,Okanogan,Washington,53047.0,15,0.0
2020-04-13,Pacific,Washington,53049.0,1,0.0
2020-04-13,Pend Oreille,Washington,53051.0,1,0.0
2020-04-13,Pierce,Washington,53053.0,984,20.0
2020-04-13,San Juan,Washington,53055.0,13,0.0
2020-04-13,Skagit,Washington,53057.0,195,6.0
2020-04-13,Skamania,Washington,53059.0,3,0.0
2020-04-13,Snohomish,Washington,53061.0,1907,73.0
2020-04-13,Spokane,Washington,53063.0,280,15.0
2020-04-13,Stevens,Washington,53065.0,7,1.0
2020-04-13,Thurston,Washington,53067.0,81,1.0
2020-04-13,Unknown,Washington,,329,0.0
2020-04-13,Wahkiakum,Washington,53069.0,2,0.0
2020-04-13,Walla Walla,Washington,53071.0,22,0.0
2020-04-13,Whatcom,Washington,53073.0,263,23.0
2020-04-13,Whitman,Washington,53075.0,12,0.0
2020-04-13,Yakima,Washington,53077.0,573,23.0
2020-04-14,Adams,Washington,53001.0,39,0.0
2020-04-14,Asotin,Washington,53003.0,6,0.0
2020-04-14,Benton,Washington,53005.0,266,29.0
2020-04-14,Chelan,Washington,53007.0,62,6.0
2020-04-14,Clallam,Washington,53009.0,12,0.0
2020-04-14,Clark,Washington,53011.0,250,15.0
2020-04-14,Columbia,Washington,53013.0,1,0.0
2020-04-14,Cowlitz,Washington,53015.0,24,0.0
2020-04-14,Douglas,Washington,53017.0,29,1.0
2020-04-14,Ferry,Washington,53019.0,1,0.0
2020-04-14,Franklin,Washington,53021.0,138,2.0
2020-04-14,Grant,Washington,53025.0,121,2.0
2020-04-14,Grays Harbor,Washington,53027.0,11,0.0
2020-04-14,Island,Washington,53029.0,162,8.0
2020-04-14,Jefferson,Washington,53031.0,28,0.0
2020-04-14,King,Washington,53033.0,4622,305.0
2020-04-14,Kitsap,Washington,53035.0,132,1.0
2020-04-14,Kittitas,Washington,53037.0,14,0.0
2020-04-14,Klickitat,Washington,53039.0,14,2.0
2020-04-14,Lewis,Washington,53041.0,19,2.0
2020-04-14,Lincoln,Washington,53043.0,2,0.0
2020-04-14,Mason,Washington,53045.0,19,0.0
2020-04-14,Okanogan,Washington,53047.0,15,0.0
2020-04-14,Pacific,Washington,53049.0,1,0.0
2020-04-14,Pend Oreille,Washington,53051.0,1,0.0
2020-04-14,Pierce,Washington,53053.0,1023,23.0
2020-04-14,San Juan,Washington,53055.0,13,0.0
2020-04-14,Skagit,Washington,53057.0,203,6.0
2020-04-14,Skamania,Washington,53059.0,3,0.0
2020-04-14,Snohomish,Washington,53061.0,1949,77.0
2020-04-14,Spokane,Washington,53063.0,282,17.0
2020-04-14,Stevens,Washington,53065.0,7,1.0
2020-04-14,Thurston,Washington,53067.0,82,1.0
2020-04-14,Unknown,Washington,,220,0.0
2020-04-14,Wahkiakum,Washington,53069.0,2,0.0
2020-04-14,Walla Walla,Washington,53071.0,25,0.0
2020-04-14,Whatcom,Washington,53073.0,265,25.0
2020-04-14,Whitman,Washington,53075.0,13,0.0
2020-04-14,Yakima,Washington,53077.0,635,29.0
2020-04-15,Adams,Washington,53001.0,40,0.0
2020-04-15,Asotin,Washington,53003.0,8,0.0
2020-04-15,Benton,Washington,53005.0,273,30.0
2020-04-15,Chelan,Washington,53007.0,62,6.0
2020-04-15,Clallam,Washington,53009.0,14,0.0
2020-04-15,Clark,Washington,53011.0,258,15.0
2020-04-15,Columbia,Washington,53013.0,1,0.0
2020-04-15,Cowlitz,Washington,53015.0,24,0.0
2020-04-15,Douglas,Washington,53017.0,29,1.0
2020-04-15,Ferry,Washington,53019.0,1,0.0
2020-04-15,Franklin,Washington,53021.0,142,4.0
2020-04-15,Grant,Washington,53025.0,129,2.0
2020-04-15,Grays Harbor,Washington,53027.0,12,0.0
2020-04-15,Island,Washington,53029.0,163,8.0
2020-04-15,Jefferson,Washington,53031.0,28,0.0
2020-04-15,King,Washington,53033.0,4699,314.0
2020-04-15,Kitsap,Washington,53035.0,132,1.0
2020-04-15,Kittitas,Washington,53037.0,14,0.0
2020-04-15,Klickitat,Washington,53039.0,16,2.0
2020-04-15,Lewis,Washington,53041.0,19,2.0
2020-04-15,Lincoln,Washington,53043.0,2,0.0
2020-04-15,Mason,Washington,53045.0,20,0.0
2020-04-15,Okanogan,Washington,53047.0,15,0.0
2020-04-15,Pacific,Washington,53049.0,1,0.0
2020-04-15,Pend Oreille,Washington,53051.0,1,0.0
2020-04-15,Pierce,Washington,53053.0,1051,28.0
2020-04-15,San Juan,Washington,53055.0,13,0.0
2020-04-15,Skagit,Washington,53057.0,209,6.0
2020-04-15,Skamania,Washington,53059.0,3,0.0
2020-04-15,Snohomish,Washington,53061.0,1987,80.0
2020-04-15,Spokane,Washington,53063.0,290,17.0
2020-04-15,Stevens,Washington,53065.0,7,1.0
2020-04-15,Thurston,Washington,53067.0,82,1.0
2020-04-15,Unknown,Washington,,77,0.0
2020-04-15,Wahkiakum,Washington,53069.0,2,0.0
2020-04-15,Walla Walla,Washington,53071.0,26,0.0
2020-04-15,Whatcom,Washington,53073.0,269,25.0
2020-04-15,Whitman,Washington,53075.0,13,0.0
2020-04-15,Yakima,Washington,53077.0,674,29.0
2020-04-16,Adams,Washington,53001.0,40,0.0
2020-04-16,Asotin,Washington,53003.0,10,0.0
2020-04-16,Benton,Washington,53005.0,284,34.0
2020-04-16,Chelan,Washington,53007.0,63,6.0
2020-04-16,Clallam,Washington,53009.0,15,0.0
2020-04-16,Clark,Washington,53011.0,265,15.0
2020-04-16,Columbia,Washington,53013.0,1,0.0
2020-04-16,Cowlitz,Washington,53015.0,26,0.0
2020-04-16,Douglas,Washington,53017.0,32,1.0
2020-04-16,Ferry,Washington,53019.0,1,0.0
2020-04-16,Franklin,Washington,53021.0,156,2.0
2020-04-16,Grant,Washington,53025.0,132,1.0
2020-04-16,Grays Harbor,Washington,53027.0,12,0.0
2020-04-16,Island,Washington,53029.0,163,8.0
2020-04-16,Jefferson,Washington,53031.0,28,0.0
2020-04-16,King,Washington,53033.0,4811,322.0
2020-04-16,Kitsap,Washington,53035.0,132,1.0
2020-04-16,Kittitas,Washington,53037.0,14,0.0
2020-04-16,Klickitat,Washington,53039.0,16,2.0
2020-04-16,Lewis,Washington,53041.0,19,2.0
2020-04-16,Lincoln,Washington,53043.0,2,0.0
2020-04-16,Mason,Washington,53045.0,21,0.0
2020-04-16,Okanogan,Washington,53047.0,14,0.0
2020-04-16,Pacific,Washington,53049.0,1,0.0
2020-04-16,Pend Oreille,Washington,53051.0,1,0.0
2020-04-16,Pierce,Washington,53053.0,1092,30.0
2020-04-16,San Juan,Washington,53055.0,13,0.0
2020-04-16,Skagit,Washington,53057.0,218,6.0
2020-04-16,Skamania,Washington,53059.0,3,0.0
2020-04-16,Snohomish,Washington,53061.0,2031,85.0
2020-04-16,Spokane,Washington,53063.0,297,17.0
2020-04-16,Stevens,Washington,53065.0,7,1.0
2020-04-16,Thurston,Washington,53067.0,86,1.0
2020-04-16,Unknown,Washington,,154,0.0
2020-04-16,Wahkiakum,Washington,53069.0,2,0.0
2020-04-16,Walla Walla,Washington,53071.0,27,0.0
2020-04-16,Whatcom,Washington,53073.0,271,25.0
2020-04-16,Whitman,Washington,53075.0,13,0.0
2020-04-16,Yakima,Washington,53077.0,707,29.0
2020-04-17,Adams,Washington,53001.0,40,0.0
2020-04-17,Asotin,Washington,53003.0,11,0.0
2020-04-17,Benton,Washington,53005.0,295,34.0
2020-04-17,Chelan,Washington,53007.0,67,6.0
2020-04-17,Clallam,Washington,53009.0,14,0.0
2020-04-17,Clark,Washington,53011.0,277,16.0
2020-04-17,Columbia,Washington,53013.0,1,0.0
2020-04-17,Cowlitz,Washington,53015.0,29,0.0
2020-04-17,Douglas,Washington,53017.0,30,1.0
2020-04-17,Ferry,Washington,53019.0,1,0.0
2020-04-17,Franklin,Washington,53021.0,167,4.0
2020-04-17,Grant,Washington,53025.0,139,1.0
2020-04-17,Grays Harbor,Washington,53027.0,12,0.0
2020-04-17,Island,Washington,53029.0,165,8.0
2020-04-17,Jefferson,Washington,53031.0,28,0.0
2020-04-17,King,Washington,53033.0,4904,333.0
2020-04-17,Kitsap,Washington,53035.0,135,1.0
2020-04-17,Kittitas,Washington,53037.0,14,0.0
2020-04-17,Klickitat,Washington,53039.0,16,3.0
2020-04-17,Lewis,Washington,53041.0,21,2.0
2020-04-17,Lincoln,Washington,53043.0,2,0.0
2020-04-17,Mason,Washington,53045.0,22,0.0
2020-04-17,Okanogan,Washington,53047.0,14,0.0
2020-04-17,Pacific,Washington,53049.0,1,0.0
2020-04-17,Pend Oreille,Washington,53051.0,2,0.0
2020-04-17,Pierce,Washington,53053.0,1126,30.0
2020-04-17,San Juan,Washington,53055.0,15,0.0
2020-04-17,Skagit,Washington,53057.0,226,6.0
2020-04-17,Skamania,Washington,53059.0,3,0.0
2020-04-17,Snohomish,Washington,53061.0,2055,87.0
2020-04-17,Spokane,Washington,53063.0,302,17.0
2020-04-17,Stevens,Washington,53065.0,8,1.0
2020-04-17,Thurston,Washington,53067.0,89,1.0
2020-04-17,Unknown,Washington,,174,0.0
2020-04-17,Wahkiakum,Washington,53069.0,2,0.0
2020-04-17,Walla Walla,Washington,53071.0,28,0.0
2020-04-17,Whatcom,Washington,53073.0,271,25.0
2020-04-17,Whitman,Washington,53075.0,14,0.0
2020-04-17,Yakima,Washington,53077.0,759,34.0
2020-04-18,Adams,Washington,53001.0,40,0.0
2020-04-18,Asotin,Washington,53003.0,12,0.0
2020-04-18,Benton,Washington,53005.0,306,34.0
2020-04-18,Chelan,Washington,53007.0,68,6.0
2020-04-18,Clallam,Washington,53009.0,14,0.0
2020-04-18,Clark,Washington,53011.0,277,16.0
2020-04-18,Columbia,Washington,53013.0,1,0.0
2020-04-18,Cowlitz,Washington,53015.0,29,0.0
2020-04-18,Douglas,Washington,53017.0,31,1.0
2020-04-18,Ferry,Washington,53019.0,1,0.0
2020-04-18,Franklin,Washington,53021.0,177,4.0
2020-04-18,Grant,Washington,53025.0,140,1.0
2020-04-18,Grays Harbor,Washington,53027.0,12,0.0
2020-04-18,Island,Washington,53029.0,166,8.0
2020-04-18,Jefferson,Washington,53031.0,29,0.0
2020-04-18,King,Washington,53033.0,5065,342.0
2020-04-18,Kitsap,Washington,53035.0,136,1.0
2020-04-18,Kittitas,Washington,53037.0,14,0.0
2020-04-18,Klickitat,Washington,53039.0,16,3.0
2020-04-18,Lewis,Washington,53041.0,21,2.0
2020-04-18,Lincoln,Washington,53043.0,2,0.0
2020-04-18,Mason,Washington,53045.0,22,0.0
2020-04-18,Okanogan,Washington,53047.0,14,0.0
2020-04-18,Pacific,Washington,53049.0,1,0.0
2020-04-18,Pend Oreille,Washington,53051.0,2,0.0
2020-04-18,Pierce,Washington,53053.0,1197,32.0
2020-04-18,San Juan,Washington,53055.0,15,0.0
2020-04-18,Skagit,Washington,53057.0,230,7.0
2020-04-18,Skamania,Washington,53059.0,3,0.0
2020-04-18,Snohomish,Washington,53061.0,2092,92.0
2020-04-18,Spokane,Washington,53063.0,306,17.0
2020-04-18,Stevens,Washington,53065.0,8,1.0
2020-04-18,Thurston,Washington,53067.0,93,1.0
2020-04-18,Unknown,Washington,,233,0.0
2020-04-18,Wahkiakum,Washington,53069.0,2,0.0
2020-04-18,Walla Walla,Washington,53071.0,28,0.0
2020-04-18,Whatcom,Washington,53073.0,273,26.0
2020-04-18,Whitman,Washington,53075.0,15,0.0
2020-04-18,Yakima,Washington,53077.0,759,35.0
2020-04-19,Adams,Washington,53001.0,41,0.0
2020-04-19,Asotin,Washington,53003.0,12,0.0
2020-04-19,Benton,Washington,53005.0,314,34.0
2020-04-19,Chelan,Washington,53007.0,72,6.0
2020-04-19,Clallam,Washington,53009.0,14,0.0
2020-04-19,Clark,Washington,53011.0,277,16.0
2020-04-19,Columbia,Washington,53013.0,1,0.0
2020-04-19,Cowlitz,Washington,53015.0,29,0.0
2020-04-19,Douglas,Washington,53017.0,32,1.0
2020-04-19,Ferry,Washington,53019.0,1,0.0
2020-04-19,Franklin,Washington,53021.0,187,4.0
2020-04-19,Grant,Washington,53025.0,140,1.0
2020-04-19,Grays Harbor,Washington,53027.0,12,0.0
2020-04-19,Island,Washington,53029.0,166,8.0
2020-04-19,Jefferson,Washington,53031.0,28,0.0
2020-04-19,King,Washington,53033.0,5174,348.0
2020-04-19,Kitsap,Washington,53035.0,138,1.0
2020-04-19,Kittitas,Washington,53037.0,14,0.0
2020-04-19,Klickitat,Washington,53039.0,16,3.0
2020-04-19,Lewis,Washington,53041.0,21,2.0
2020-04-19,Lincoln,Washington,53043.0,2,0.0
2020-04-19,Mason,Washington,53045.0,22,0.0
2020-04-19,Okanogan,Washington,53047.0,14,0.0
2020-04-19,Pacific,Washington,53049.0,2,0.0
2020-04-19,Pend Oreille,Washington,53051.0,2,0.0
2020-04-19,Pierce,Washington,53053.0,1229,32.0
2020-04-19,San Juan,Washington,53055.0,15,0.0
2020-04-19,Skagit,Washington,53057.0,238,8.0
2020-04-19,Skamania,Washington,53059.0,3,0.0
2020-04-19,Snohomish,Washington,53061.0,2142,92.0
2020-04-19,Spokane,Washington,53063.0,311,17.0
2020-04-19,Stevens,Washington,53065.0,8,1.0
2020-04-19,Thurston,Washington,53067.0,94,1.0
2020-04-19,Wahkiakum,Washington,53069.0,2,0.0
2020-04-19,Walla Walla,Washington,53071.0,28,0.0
2020-04-19,Whatcom,Washington,53073.0,277,26.0
2020-04-19,Whitman,Washington,53075.0,15,0.0
2020-04-19,Yakima,Washington,53077.0,771,36.0
2020-04-20,Adams,Washington,53001.0,43,0.0
2020-04-20,Asotin,Washington,53003.0,13,1.0
2020-04-20,Benton,Washington,53005.0,334,34.0
2020-04-20,Chelan,Washington,53007.0,78,6.0
2020-04-20,Clallam,Washington,53009.0,14,0.0
2020-04-20,Clark,Washington,53011.0,296,16.0
2020-04-20,Columbia,Washington,53013.0,1,0.0
2020-04-20,Cowlitz,Washington,53015.0,32,0.0
2020-04-20,Douglas,Washington,53017.0,59,1.0
2020-04-20,Ferry,Washington,53019.0,1,0.0
2020-04-20,Franklin,Washington,53021.0,198,4.0
2020-04-20,Grant,Washington,53025.0,142,1.0
2020-04-20,Grays Harbor,Washington,53027.0,12,0.0
2020-04-20,Island,Washington,53029.0,166,8.0
2020-04-20,Jefferson,Washington,53031.0,28,0.0
2020-04-20,King,Washington,53033.0,5295,362.0
2020-04-20,Kitsap,Washington,53035.0,139,1.0
2020-04-20,Kittitas,Washington,53037.0,14,0.0
2020-04-20,Klickitat,Washington,53039.0,16,3.0
2020-04-20,Lewis,Washington,53041.0,21,2.0
2020-04-20,Lincoln,Washington,53043.0,2,0.0
2020-04-20,Mason,Washington,53045.0,22,0.0
2020-04-20,Okanogan,Washington,53047.0,14,0.0
2020-04-20,Pacific,Washington,53049.0,3,0.0
2020-04-20,Pend Oreille,Washington,53051.0,2,0.0
2020-04-20,Pierce,Washington,53053.0,1258,34.0
2020-04-20,San Juan,Washington,53055.0,14,0.0
2020-04-20,Skagit,Washington,53057.0,255,8.0
2020-04-20,Skamania,Washington,53059.0,3,0.0
2020-04-20,Snohomish,Washington,53061.0,2162,96.0
2020-04-20,Spokane,Washington,53063.0,317,17.0
2020-04-20,Stevens,Washington,53065.0,8,1.0
2020-04-20,Thurston,Washington,53067.0,94,1.0
2020-04-20,Wahkiakum,Washington,53069.0,2,0.0
2020-04-20,Walla Walla,Washington,53071.0,36,0.0
2020-04-20,Whatcom,Washington,53073.0,278,27.0
2020-04-20,Whitman,Washington,53075.0,15,0.0
2020-04-20,Yakima,Washington,53077.0,868,38.0
2020-04-21,Adams,Washington,53001.0,44,0.0
2020-04-21,Asotin,Washington,53003.0,14,1.0
2020-04-21,Benton,Washington,53005.0,338,35.0
2020-04-21,Chelan,Washington,53007.0,79,6.0
2020-04-21,Clallam,Washington,53009.0,14,0.0
2020-04-21,Clark,Washington,53011.0,306,16.0
2020-04-21,Columbia,Washington,53013.0,1,0.0
2020-04-21,Cowlitz,Washington,53015.0,34,0.0
2020-04-21,Douglas,Washington,53017.0,61,1.0
2020-04-21,Ferry,Washington,53019.0,1,0.0
2020-04-21,Franklin,Washington,53021.0,207,4.0
2020-04-21,Grant,Washington,53025.0,142,1.0
2020-04-21,Grays Harbor,Washington,53027.0,12,0.0
2020-04-21,Island,Washington,53029.0,168,8.0
2020-04-21,Jefferson,Washington,53031.0,28,0.0
2020-04-21,King,Washington,53033.0,5381,374.0
2020-04-21,Kitsap,Washington,53035.0,140,2.0
2020-04-21,Kittitas,Washington,53037.0,14,0.0
2020-04-21,Klickitat,Washington,53039.0,16,3.0
2020-04-21,Lewis,Washington,53041.0,21,3.0
2020-04-21,Lincoln,Washington,53043.0,2,0.0
2020-04-21,Mason,Washington,53045.0,22,0.0
2020-04-21,Okanogan,Washington,53047.0,14,0.0
2020-04-21,Pacific,Washington,53049.0,3,0.0
2020-04-21,Pend Oreille,Washington,53051.0,2,0.0
2020-04-21,Pierce,Washington,53053.0,1290,36.0
2020-04-21,San Juan,Washington,53055.0,14,0.0
2020-04-21,Skagit,Washington,53057.0,255,9.0
2020-04-21,Skamania,Washington,53059.0,3,0.0
2020-04-21,Snohomish,Washington,53061.0,2162,98.0
2020-04-21,Spokane,Washington,53063.0,319,19.0
2020-04-21,Stevens,Washington,53065.0,8,1.0
2020-04-21,Thurston,Washington,53067.0,94,1.0
2020-04-21,Wahkiakum,Washington,53069.0,2,0.0
2020-04-21,Walla Walla,Washington,53071.0,36,0.0
2020-04-21,Whatcom,Washington,53073.0,280,27.0
2020-04-21,Whitman,Washington,53075.0,15,0.0
2020-04-21,Yakima,Washington,53077.0,868,38.0
2020-04-22,Adams,Washington,53001.0,44,0.0
2020-04-22,Asotin,Washington,53003.0,14,1.0
2020-04-22,Benton,Washington,53005.0,348,35.0
2020-04-22,Chelan,Washington,53007.0,88,6.0
2020-04-22,Clallam,Washington,53009.0,14,0.0
2020-04-22,Clark,Washington,53011.0,313,16.0
2020-04-22,Columbia,Washington,53013.0,1,0.0
2020-04-22,Cowlitz,Washington,53015.0,35,0.0
2020-04-22,Douglas,Washington,53017.0,61,1.0
2020-04-22,Ferry,Washington,53019.0,1,0.0
2020-04-22,Franklin,Washington,53021.0,212,4.0
2020-04-22,Grant,Washington,53025.0,143,1.0
2020-04-22,Grays Harbor,Washington,53027.0,12,0.0
2020-04-22,Island,Washington,53029.0,168,9.0
2020-04-22,Jefferson,Washington,53031.0,28,0.0
2020-04-22,King,Washington,53033.0,5451,381.0
2020-04-22,Kitsap,Washington,53035.0,140,2.0
2020-04-22,Kittitas,Washington,53037.0,14,0.0
2020-04-22,Klickitat,Washington,53039.0,16,3.0
2020-04-22,Lewis,Washington,53041.0,22,3.0
2020-04-22,Lincoln,Washington,53043.0,2,0.0
2020-04-22,Mason,Washington,53045.0,22,0.0
2020-04-22,Okanogan,Washington,53047.0,14,1.0
2020-04-22,Pacific,Washington,53049.0,3,0.0
2020-04-22,Pend Oreille,Washington,53051.0,2,0.0
2020-04-22,Pierce,Washington,53053.0,1315,40.0
2020-04-22,San Juan,Washington,53055.0,16,0.0
2020-04-22,Skagit,Washington,53057.0,271,9.0
2020-04-22,Skamania,Washington,53059.0,3,0.0
2020-04-22,Snohomish,Washington,53061.0,2208,98.0
2020-04-22,Spokane,Washington,53063.0,321,19.0
2020-04-22,Stevens,Washington,53065.0,8,1.0
2020-04-22,Thurston,Washington,53067.0,95,1.0
2020-04-22,Wahkiakum,Washington,53069.0,2,0.0
2020-04-22,Walla Walla,Washington,53071.0,36,0.0
2020-04-22,Whatcom,Washington,53073.0,280,27.0
2020-04-22,Whitman,Washington,53075.0,15,0.0
2020-04-22,Yakima,Washington,53077.0,868,38.0
2020-04-23,Adams,Washington,53001.0,45,0.0
2020-04-23,Asotin,Washington,53003.0,16,1.0
2020-04-23,Benton,Washington,53005.0,365,38.0
2020-04-23,Chelan,Washington,53007.0,92,6.0
2020-04-23,Clallam,Washington,53009.0,14,0.0
2020-04-23,Clark,Washington,53011.0,321,17.0
2020-04-23,Columbia,Washington,53013.0,1,0.0
2020-04-23,Cowlitz,Washington,53015.0,35,0.0
2020-04-23,Douglas,Washington,53017.0,63,1.0
2020-04-23,Ferry,Washington,53019.0,1,0.0
2020-04-23,Franklin,Washington,53021.0,233,5.0
2020-04-23,Grant,Washington,53025.0,154,2.0
2020-04-23,Grays Harbor,Washington,53027.0,12,0.0
2020-04-23,Island,Washington,53029.0,168,9.0
2020-04-23,Jefferson,Washington,53031.0,28,0.0
2020-04-23,King,Washington,53033.0,5571,386.0
2020-04-23,Kitsap,Washington,53035.0,144,2.0
2020-04-23,Kittitas,Washington,53037.0,14,0.0
2020-04-23,Klickitat,Washington,53039.0,16,3.0
2020-04-23,Lewis,Washington,53041.0,25,3.0
2020-04-23,Lincoln,Washington,53043.0,2,0.0
2020-04-23,Mason,Washington,53045.0,22,0.0
2020-04-23,Okanogan,Washington,53047.0,18,1.0
2020-04-23,Pacific,Washington,53049.0,4,0.0
2020-04-23,Pend Oreille,Washington,53051.0,2,0.0
2020-04-23,Pierce,Washington,53053.0,1343,44.0
2020-04-23,San Juan,Washington,53055.0,14,0.0
2020-04-23,Skagit,Washington,53057.0,281,10.0
2020-04-23,Skamania,Washington,53059.0,3,0.0
2020-04-23,Snohomish,Washington,53061.0,2239,99.0
2020-04-23,Spokane,Washington,53063.0,326,19.0
2020-04-23,Stevens,Washington,53065.0,9,1.0
2020-04-23,Thurston,Washington,53067.0,96,1.0
2020-04-23,Wahkiakum,Washington,53069.0,2,0.0
2020-04-23,Walla Walla,Washington,53071.0,52,0.0
2020-04-23,Whatcom,Washington,53073.0,282,27.0
2020-04-23,Whitman,Washington,53075.0,16,0.0
2020-04-23,Yakima,Washington,53077.0,952,42.0
2020-04-24,Adams,Washington,53001.0,45,0.0
2020-04-24,Asotin,Washington,53003.0,16,1.0
2020-04-24,Benton,Washington,53005.0,383,38.0
2020-04-24,Chelan,Washington,53007.0,92,6.0
2020-04-24,Clallam,Washington,53009.0,14,0.0
2020-04-24,Clark,Washington,53011.0,321,17.0
2020-04-24,Columbia,Washington,53013.0,1,0.0
2020-04-24,Cowlitz,Washington,53015.0,35,0.0
2020-04-24,Douglas,Washington,53017.0,69,1.0
2020-04-24,Ferry,Washington,53019.0,1,0.0
2020-04-24,Franklin,Washington,53021.0,242,5.0
2020-04-24,Grant,Washington,53025.0,154,2.0
2020-04-24,Grays Harbor,Washington,53027.0,12,0.0
2020-04-24,Island,Washington,53029.0,168,9.0
2020-04-24,Jefferson,Washington,53031.0,28,0.0
2020-04-24,King,Washington,53033.0,5691,393.0
2020-04-24,Kitsap,Washington,53035.0,144,2.0
2020-04-24,Kittitas,Washington,53037.0,14,0.0
2020-04-24,Klickitat,Washington,53039.0,16,3.0
2020-04-24,Lewis,Washington,53041.0,25,3.0
2020-04-24,Lincoln,Washington,53043.0,2,0.0
2020-04-24,Mason,Washington,53045.0,22,0.0
2020-04-24,Okanogan,Washington,53047.0,18,1.0
2020-04-24,Pacific,Washington,53049.0,4,0.0
2020-04-24,Pend Oreille,Washington,53051.0,2,0.0
2020-04-24,Pierce,Washington,53053.0,1370,47.0
2020-04-24,San Juan,Washington,53055.0,14,0.0
2020-04-24,Skagit,Washington,53057.0,283,10.0
2020-04-24,Skamania,Washington,53059.0,3,0.0
2020-04-24,Snohomish,Washington,53061.0,2267,102.0
2020-04-24,Spokane,Washington,53063.0,330,19.0
2020-04-24,Stevens,Washington,53065.0,9,1.0
2020-04-24,Thurston,Washington,53067.0,98,1.0
2020-04-24,Wahkiakum,Washington,53069.0,2,0.0
2020-04-24,Walla Walla,Washington,53071.0,52,0.0
2020-04-24,Whatcom,Washington,53073.0,282,27.0
2020-04-24,Whitman,Washington,53075.0,16,0.0
2020-04-24,Yakima,Washington,53077.0,952,43.0
2020-04-25,Adams,Washington,53001.0,46,0.0
2020-04-25,Asotin,Washington,53003.0,17,1.0
2020-04-25,Benton,Washington,53005.0,399,38.0
2020-04-25,Chelan,Washington,53007.0,93,6.0
2020-04-25,Clallam,Washington,53009.0,15,0.0
2020-04-25,Clark,Washington,53011.0,327,19.0
2020-04-25,Columbia,Washington,53013.0,1,0.0
2020-04-25,Cowlitz,Washington,53015.0,39,0.0
2020-04-25,Douglas,Washington,53017.0,70,1.0
2020-04-25,Ferry,Washington,53019.0,1,0.0
2020-04-25,Franklin,Washington,53021.0,250,5.0
2020-04-25,Grant,Washington,53025.0,156,2.0
2020-04-25,Grays Harbor,Washington,53027.0,12,0.0
2020-04-25,Island,Washington,53029.0,168,9.0
2020-04-25,Jefferson,Washington,53031.0,28,0.0
2020-04-25,King,Washington,53033.0,5813,401.0
2020-04-25,Kitsap,Washington,53035.0,146,2.0
2020-04-25,Kittitas,Washington,53037.0,14,0.0
2020-04-25,Klickitat,Washington,53039.0,16,3.0
2020-04-25,Lewis,Washington,53041.0,29,3.0
2020-04-25,Lincoln,Washington,53043.0,2,0.0
2020-04-25,Mason,Washington,53045.0,22,0.0
2020-04-25,Okanogan,Washington,53047.0,19,1.0
2020-04-25,Pacific,Washington,53049.0,4,0.0
2020-04-25,Pend Oreille,Washington,53051.0,2,0.0
2020-04-25,Pierce,Washington,53053.0,1394,47.0
2020-04-25,San Juan,Washington,53055.0,14,0.0
2020-04-25,Skagit,Washington,53057.0,287,10.0
2020-04-25,Skamania,Washington,53059.0,3,0.0
2020-04-25,Snohomish,Washington,53061.0,2297,103.0
2020-04-25,Spokane,Washington,53063.0,345,19.0
2020-04-25,Stevens,Washington,53065.0,10,1.0
2020-04-25,Thurston,Washington,53067.0,101,1.0
2020-04-25,Wahkiakum,Washington,53069.0,2,0.0
2020-04-25,Walla Walla,Washington,53071.0,57,0.0
2020-04-25,Whatcom,Washington,53073.0,284,27.0
2020-04-25,Whitman,Washington,53075.0,16,0.0
2020-04-25,Yakima,Washington,53077.0,1066,44.0
2020-04-26,Adams,Washington,53001.0,46,0.0
2020-04-26,Asotin,Washington,53003.0,17,1.0
2020-04-26,Benton,Washington,53005.0,405,38.0
2020-04-26,Chelan,Washington,53007.0,94,6.0
2020-04-26,Clallam,Washington,53009.0,15,0.0
2020-04-26,Clark,Washington,53011.0,327,19.0
2020-04-26,Columbia,Washington,53013.0,1,0.0
2020-04-26,Cowlitz,Washington,53015.0,39,0.0
2020-04-26,Douglas,Washington,53017.0,72,1.0
2020-04-26,Ferry,Washington,53019.0,1,0.0
2020-04-26,Franklin,Washington,53021.0,251,5.0
2020-04-26,Grant,Washington,53025.0,157,2.0
2020-04-26,Grays Harbor,Washington,53027.0,12,0.0
2020-04-26,Island,Washington,53029.0,168,9.0
2020-04-26,Jefferson,Washington,53031.0,28,0.0
2020-04-26,King,Washington,53033.0,5914,410.0
2020-04-26,Kitsap,Washington,53035.0,146,2.0
2020-04-26,Kittitas,Washington,53037.0,14,0.0
2020-04-26,Klickitat,Washington,53039.0,16,3.0
2020-04-26,Lewis,Washington,53041.0,29,3.0
2020-04-26,Lincoln,Washington,53043.0,2,0.0
2020-04-26,Mason,Washington,53045.0,22,1.0
2020-04-26,Okanogan,Washington,53047.0,19,1.0
2020-04-26,Pacific,Washington,53049.0,4,0.0
2020-04-26,Pend Oreille,Washington,53051.0,2,0.0
2020-04-26,Pierce,Washington,53053.0,1408,48.0
2020-04-26,San Juan,Washington,53055.0,14,0.0
2020-04-26,Skagit,Washington,53057.0,299,11.0
2020-04-26,Skamania,Washington,53059.0,3,0.0
2020-04-26,Snohomish,Washington,53061.0,2311,104.0
2020-04-26,Spokane,Washington,53063.0,351,19.0
2020-04-26,Stevens,Washington,53065.0,9,1.0
2020-04-26,Thurston,Washington,53067.0,100,1.0
2020-04-26,Wahkiakum,Washington,53069.0,2,0.0
2020-04-26,Walla Walla,Washington,53071.0,57,0.0
2020-04-26,Whatcom,Washington,53073.0,288,27.0
2020-04-26,Whitman,Washington,53075.0,16,0.0
2020-04-26,Yakima,Washington,53077.0,1085,45.0
2020-04-27,Adams,Washington,53001.0,46,0.0
2020-04-27,Asotin,Washington,53003.0,17,1.0
2020-04-27,Benton,Washington,53005.0,409,39.0
2020-04-27,Chelan,Washington,53007.0,97,6.0
2020-04-27,Clallam,Washington,53009.0,15,0.0
2020-04-27,Clark,Washington,53011.0,339,21.0
2020-04-27,Columbia,Washington,53013.0,1,0.0
2020-04-27,Cowlitz,Washington,53015.0,39,0.0
2020-04-27,Douglas,Washington,53017.0,75,1.0
2020-04-27,Ferry,Washington,53019.0,1,0.0
2020-04-27,Franklin,Washington,53021.0,259,5.0
2020-04-27,Grant,Washington,53025.0,157,2.0
2020-04-27,Grays Harbor,Washington,53027.0,12,0.0
2020-04-27,Island,Washington,53029.0,171,9.0
2020-04-27,Jefferson,Washington,53031.0,28,0.0
2020-04-27,King,Washington,53033.0,5992,418.0
2020-04-27,Kitsap,Washington,53035.0,148,2.0
2020-04-27,Kittitas,Washington,53037.0,14,0.0
2020-04-27,Klickitat,Washington,53039.0,16,3.0
2020-04-27,Lewis,Washington,53041.0,29,3.0
2020-04-27,Lincoln,Washington,53043.0,2,0.0
2020-04-27,Mason,Washington,53045.0,23,1.0
2020-04-27,Okanogan,Washington,53047.0,20,1.0
2020-04-27,Pacific,Washington,53049.0,4,0.0
2020-04-27,Pend Oreille,Washington,53051.0,2,0.0
2020-04-27,Pierce,Washington,53053.0,1449,49.0
2020-04-27,San Juan,Washington,53055.0,14,0.0
2020-04-27,Skagit,Washington,53057.0,309,11.0
2020-04-27,Skamania,Washington,53059.0,3,0.0
2020-04-27,Snohomish,Washington,53061.0,2355,106.0
2020-04-27,Spokane,Washington,53063.0,353,19.0
2020-04-27,Stevens,Washington,53065.0,9,1.0
2020-04-27,Thurston,Washington,53067.0,100,1.0
2020-04-27,Wahkiakum,Washington,53069.0,2,0.0
2020-04-27,Walla Walla,Washington,53071.0,57,0.0
2020-04-27,Whatcom,Washington,53073.0,290,27.0
2020-04-27,Whitman,Washington,53075.0,16,0.0
2020-04-27,Yakima,Washington,53077.0,1085,45.0
2020-04-28,Adams,Washington,53001.0,46,0.0
2020-04-28,Asotin,Washington,53003.0,17,2.0
2020-04-28,Benton,Washington,53005.0,415,39.0
2020-04-28,Chelan,Washington,53007.0,100,6.0
2020-04-28,Clallam,Washington,53009.0,17,0.0
2020-04-28,Clark,Washington,53011.0,343,21.0
2020-04-28,Columbia,Washington,53013.0,1,0.0
2020-04-28,Cowlitz,Washington,53015.0,39,0.0
2020-04-28,Douglas,Washington,53017.0,75,1.0
2020-04-28,Ferry,Washington,53019.0,1,0.0
2020-04-28,Franklin,Washington,53021.0,265,7.0
2020-04-28,Grant,Washington,53025.0,157,2.0
2020-04-28,Grays Harbor,Washington,53027.0,12,0.0
2020-04-28,Island,Washington,53029.0,172,9.0
2020-04-28,Jefferson,Washington,53031.0,28,0.0
2020-04-28,King,Washington,53033.0,6056,429.0
2020-04-28,Kitsap,Washington,53035.0,148,2.0
2020-04-28,Kittitas,Washington,53037.0,15,0.0
2020-04-28,Klickitat,Washington,53039.0,16,3.0
2020-04-28,Lewis,Washington,53041.0,29,3.0
2020-04-28,Lincoln,Washington,53043.0,2,0.0
2020-04-28,Mason,Washington,53045.0,23,1.0
2020-04-28,Okanogan,Washington,53047.0,21,1.0
2020-04-28,Pacific,Washington,53049.0,4,0.0
2020-04-28,Pend Oreille,Washington,53051.0,2,0.0
2020-04-28,Pierce,Washington,53053.0,1494,51.0
2020-04-28,San Juan,Washington,53055.0,14,0.0
2020-04-28,Skagit,Washington,53057.0,309,11.0
2020-04-28,Skamania,Washington,53059.0,3,0.0
2020-04-28,Snohomish,Washington,53061.0,2370,106.0
2020-04-28,Spokane,Washington,53063.0,354,20.0
2020-04-28,Stevens,Washington,53065.0,9,1.0
2020-04-28,Thurston,Washington,53067.0,100,1.0
2020-04-28,Wahkiakum,Washington,53069.0,2,0.0
2020-04-28,Walla Walla,Washington,53071.0,62,0.0
2020-04-28,Whatcom,Washington,53073.0,293,28.0
2020-04-28,Whitman,Washington,53075.0,16,0.0
2020-04-28,Yakima,Washington,53077.0,1135,48.0
2020-04-29,Adams,Washington,53001.0,47,0.0
2020-04-29,Asotin,Washington,53003.0,17,2.0
2020-04-29,Benton,Washington,53005.0,418,41.0
2020-04-29,Chelan,Washington,53007.0,102,6.0
2020-04-29,Clallam,Washington,53009.0,18,0.0
2020-04-29,Clark,Washington,53011.0,351,21.0
2020-04-29,Columbia,Washington,53013.0,1,0.0
2020-04-29,Cowlitz,Washington,53015.0,41,0.0
2020-04-29,Douglas,Washington,53017.0,77,1.0
2020-04-29,Ferry,Washington,53019.0,1,0.0
2020-04-29,Franklin,Washington,53021.0,276,8.0
2020-04-29,Grant,Washington,53025.0,160,2.0
2020-04-29,Grays Harbor,Washington,53027.0,12,0.0
2020-04-29,Island,Washington,53029.0,172,9.0
2020-04-29,Jefferson,Washington,53031.0,28,0.0
2020-04-29,King,Washington,53033.0,6184,438.0
2020-04-29,Kitsap,Washington,53035.0,148,2.0
2020-04-29,Kittitas,Washington,53037.0,14,0.0
2020-04-29,Klickitat,Washington,53039.0,16,3.0
2020-04-29,Lewis,Washington,53041.0,29,3.0
2020-04-29,Lincoln,Washington,53043.0,2,0.0
2020-04-29,Mason,Washington,53045.0,23,1.0
2020-04-29,Okanogan,Washington,53047.0,26,1.0
2020-04-29,Pacific,Washington,53049.0,4,0.0
2020-04-29,Pend Oreille,Washington,53051.0,2,0.0
2020-04-29,Pierce,Washington,53053.0,1519,51.0
2020-04-29,San Juan,Washington,53055.0,14,0.0
2020-04-29,Skagit,Washington,53057.0,322,12.0
2020-04-29,Skamania,Washington,53059.0,3,0.0
2020-04-29,Snohomish,Washington,53061.0,2416,106.0
2020-04-29,Spokane,Washington,53063.0,357,20.0
2020-04-29,Stevens,Washington,53065.0,9,1.0
2020-04-29,Thurston,Washington,53067.0,104,1.0
2020-04-29,Wahkiakum,Washington,53069.0,2,0.0
2020-04-29,Walla Walla,Washington,53071.0,68,0.0
2020-04-29,Whatcom,Washington,53073.0,294,28.0
2020-04-29,Whitman,Washington,53075.0,16,0.0
2020-04-29,Yakima,Washington,53077.0,1197,48.0
2020-04-30,Adams,Washington,53001.0,47,0.0
2020-04-30,Asotin,Washington,53003.0,18,2.0
2020-04-30,Benton,Washington,53005.0,430,41.0
2020-04-30,Chelan,Washington,53007.0,111,6.0
2020-04-30,Clallam,Washington,53009.0,18,0.0
2020-04-30,Clark,Washington,53011.0,359,21.0
2020-04-30,Columbia,Washington,53013.0,1,0.0
2020-04-30,Cowlitz,Washington,53015.0,45,0.0
2020-04-30,Douglas,Washington,53017.0,78,1.0
2020-04-30,Ferry,Washington,53019.0,1,0.0
2020-04-30,Franklin,Washington,53021.0,279,9.0
2020-04-30,Grant,Washington,53025.0,166,2.0
2020-04-30,Grays Harbor,Washington,53027.0,12,0.0
2020-04-30,Island,Washington,53029.0,172,9.0
2020-04-30,Jefferson,Washington,53031.0,28,0.0
2020-04-30,King,Washington,53033.0,6310,448.0
2020-04-30,Kitsap,Washington,53035.0,151,2.0
2020-04-30,Kittitas,Washington,53037.0,14,0.0
2020-04-30,Klickitat,Washington,53039.0,17,3.0
2020-04-30,Lewis,Washington,53041.0,29,3.0
2020-04-30,Lincoln,Washington,53043.0,2,0.0
2020-04-30,Mason,Washington,53045.0,23,1.0
2020-04-30,Okanogan,Washington,53047.0,26,1.0
2020-04-30,Pacific,Washington,53049.0,4,0.0
2020-04-30,Pend Oreille,Washington,53051.0,2,0.0
2020-04-30,Pierce,Washington,53053.0,1554,51.0
2020-04-30,San Juan,Washington,53055.0,14,0.0
2020-04-30,Skagit,Washington,53057.0,338,13.0
2020-04-30,Skamania,Washington,53059.0,3,0.0
2020-04-30,Snohomish,Washington,53061.0,2446,108.0
2020-04-30,Spokane,Washington,53063.0,366,22.0
2020-04-30,Stevens,Washington,53065.0,9,1.0
2020-04-30,Thurston,Washington,53067.0,105,1.0
2020-04-30,Wahkiakum,Washington,53069.0,2,0.0
2020-04-30,Walla Walla,Washington,53071.0,77,0.0
2020-04-30,Whatcom,Washington,53073.0,304,28.0
2020-04-30,Whitman,Washington,53075.0,16,0.0
2020-04-30,Yakima,Washington,53077.0,1237,49.0
2020-05-01,Adams,Washington,53001.0,47,0.0
2020-05-01,Asotin,Washington,53003.0,18,2.0
2020-05-01,Benton,Washington,53005.0,461,44.0
2020-05-01,Chelan,Washington,53007.0,114,6.0
2020-05-01,Clallam,Washington,53009.0,18,0.0
2020-05-01,Clark,Washington,53011.0,361,21.0
2020-05-01,Columbia,Washington,53013.0,1,0.0
2020-05-01,Cowlitz,Washington,53015.0,47,0.0
2020-05-01,Douglas,Washington,53017.0,79,1.0
2020-05-01,Ferry,Washington,53019.0,1,0.0
2020-05-01,Franklin,Washington,53021.0,309,11.0
2020-05-01,Grant,Washington,53025.0,170,2.0
2020-05-01,Grays Harbor,Washington,53027.0,12,0.0
2020-05-01,Island,Washington,53029.0,175,9.0
2020-05-01,Jefferson,Washington,53031.0,28,0.0
2020-05-01,King,Washington,53033.0,6409,451.0
2020-05-01,Kitsap,Washington,53035.0,152,2.0
2020-05-01,Kittitas,Washington,53037.0,15,0.0
2020-05-01,Klickitat,Washington,53039.0,17,3.0
2020-05-01,Lewis,Washington,53041.0,29,3.0
2020-05-01,Lincoln,Washington,53043.0,2,0.0
2020-05-01,Mason,Washington,53045.0,25,1.0
2020-05-01,Okanogan,Washington,53047.0,25,1.0
2020-05-01,Pacific,Washington,53049.0,4,0.0
2020-05-01,Pend Oreille,Washington,53051.0,2,0.0
2020-05-01,Pierce,Washington,53053.0,1587,51.0
2020-05-01,San Juan,Washington,53055.0,14,0.0
2020-05-01,Skagit,Washington,53057.0,345,13.0
2020-05-01,Skamania,Washington,53059.0,3,0.0
2020-05-01,Snohomish,Washington,53061.0,2466,108.0
2020-05-01,Spokane,Washington,53063.0,371,22.0
2020-05-01,Stevens,Washington,53065.0,9,1.0
2020-05-01,Thurston,Washington,53067.0,110,1.0
2020-05-01,Wahkiakum,Washington,53069.0,2,0.0
2020-05-01,Walla Walla,Washington,53071.0,86,0.0
2020-05-01,Whatcom,Washington,53073.0,311,28.0
2020-05-01,Whitman,Washington,53075.0,16,0.0
2020-05-01,Yakima,Washington,53077.0,1293,48.0
2020-05-02,Adams,Washington,53001.0,48,0.0
2020-05-02,Asotin,Washington,53003.0,18,2.0
2020-05-02,Benton,Washington,53005.0,494,43.0
2020-05-02,Chelan,Washington,53007.0,117,6.0
2020-05-02,Clallam,Washington,53009.0,18,0.0
2020-05-02,Clark,Washington,53011.0,361,21.0
2020-05-02,Columbia,Washington,53013.0,1,0.0
2020-05-02,Cowlitz,Washington,53015.0,53,0.0
2020-05-02,Douglas,Washington,53017.0,82,1.0
2020-05-02,Ferry,Washington,53019.0,1,0.0
2020-05-02,Franklin,Washington,53021.0,348,10.0
2020-05-02,Grant,Washington,53025.0,174,2.0
2020-05-02,Grays Harbor,Washington,53027.0,12,0.0
2020-05-02,Island,Washington,53029.0,175,9.0
2020-05-02,Jefferson,Washington,53031.0,28,0.0
2020-05-02,King,Washington,53033.0,6507,456.0
2020-05-02,Kitsap,Washington,53035.0,152,2.0
2020-05-02,Kittitas,Washington,53037.0,15,0.0
2020-05-02,Klickitat,Washington,53039.0,17,3.0
2020-05-02,Lewis,Washington,53041.0,29,3.0
2020-05-02,Lincoln,Washington,53043.0,2,0.0
2020-05-02,Mason,Washington,53045.0,25,1.0
2020-05-02,Okanogan,Washington,53047.0,25,1.0
2020-05-02,Pacific,Washington,53049.0,4,0.0
2020-05-02,Pend Oreille,Washington,53051.0,2,0.0
2020-05-02,Pierce,Washington,53053.0,1620,52.0
2020-05-02,San Juan,Washington,53055.0,14,0.0
2020-05-02,Skagit,Washington,53057.0,345,13.0
2020-05-02,Skamania,Washington,53059.0,3,0.0
2020-05-02,Snohomish,Washington,53061.0,2492,108.0
2020-05-02,Spokane,Washington,53063.0,371,22.0
2020-05-02,Stevens,Washington,53065.0,9,1.0
2020-05-02,Thurston,Washington,53067.0,111,1.0
2020-05-02,Wahkiakum,Washington,53069.0,2,0.0
2020-05-02,Walla Walla,Washington,53071.0,88,0.0
2020-05-02,Whatcom,Washington,53073.0,311,28.0
2020-05-02,Whitman,Washington,53075.0,16,0.0
2020-05-02,Yakima,Washington,53077.0,1293,48.0
2020-05-03,Adams,Washington,53001.0,48,0.0
2020-05-03,Asotin,Washington,53003.0,18,2.0
2020-05-03,Benton,Washington,53005.0,518,44.0
2020-05-03,Chelan,Washington,53007.0,123,6.0
2020-05-03,Clallam,Washington,53009.0,19,0.0
2020-05-03,Clark,Washington,53011.0,361,21.0
2020-05-03,Columbia,Washington,53013.0,1,0.0
2020-05-03,Cowlitz,Washington,53015.0,53,0.0
2020-05-03,Douglas,Washington,53017.0,82,1.0
2020-05-03,Ferry,Washington,53019.0,1,0.0
2020-05-03,Franklin,Washington,53021.0,363,11.0
2020-05-03,Grant,Washington,53025.0,174,2.0
2020-05-03,Grays Harbor,Washington,53027.0,12,0.0
2020-05-03,Island,Washington,53029.0,175,9.0
2020-05-03,Jefferson,Washington,53031.0,28,0.0
2020-05-03,King,Washington,53033.0,6620,461.0
2020-05-03,Kitsap,Washington,53035.0,152,2.0
2020-05-03,Kittitas,Washington,53037.0,15,0.0
2020-05-03,Klickitat,Washington,53039.0,18,3.0
2020-05-03,Lewis,Washington,53041.0,29,3.0
2020-05-03,Lincoln,Washington,53043.0,2,0.0
2020-05-03,Mason,Washington,53045.0,26,1.0
2020-05-03,Okanogan,Washington,53047.0,25,1.0
2020-05-03,Pacific,Washington,53049.0,4,0.0
2020-05-03,Pend Oreille,Washington,53051.0,2,0.0
2020-05-03,Pierce,Washington,53053.0,1640,52.0
2020-05-03,San Juan,Washington,53055.0,14,0.0
2020-05-03,Skagit,Washington,53057.0,354,13.0
2020-05-03,Skamania,Washington,53059.0,3,0.0
2020-05-03,Snohomish,Washington,53061.0,2737,108.0
2020-05-03,Spokane,Washington,53063.0,373,22.0
2020-05-03,Stevens,Washington,53065.0,9,1.0
2020-05-03,Thurston,Washington,53067.0,111,1.0
2020-05-03,Wahkiakum,Washington,53069.0,2,0.0
2020-05-03,Walla Walla,Washington,53071.0,88,0.0
2020-05-03,Whatcom,Washington,53073.0,316,28.0
2020-05-03,Whitman,Washington,53075.0,16,0.0
2020-05-03,Yakima,Washington,53077.0,1411,48.0
2020-05-04,Adams,Washington,53001.0,48,0.0
2020-05-04,Asotin,Washington,53003.0,18,2.0
2020-05-04,Benton,Washington,53005.0,532,44.0
2020-05-04,Chelan,Washington,53007.0,123,6.0
2020-05-04,Clallam,Washington,53009.0,18,0.0
2020-05-04,Clark,Washington,53011.0,367,21.0
2020-05-04,Columbia,Washington,53013.0,1,0.0
2020-05-04,Cowlitz,Washington,53015.0,59,0.0
2020-05-04,Douglas,Washington,53017.0,84,1.0
2020-05-04,Ferry,Washington,53019.0,1,0.0
2020-05-04,Franklin,Washington,53021.0,377,11.0
2020-05-04,Grant,Washington,53025.0,179,2.0
2020-05-04,Grays Harbor,Washington,53027.0,12,0.0
2020-05-04,Island,Washington,53029.0,175,9.0
2020-05-04,Jefferson,Washington,53031.0,28,0.0
2020-05-04,King,Washington,53033.0,6584,465.0
2020-05-04,Kitsap,Washington,53035.0,152,2.0
2020-05-04,Kittitas,Washington,53037.0,14,0.0
2020-05-04,Klickitat,Washington,53039.0,18,3.0
2020-05-04,Lewis,Washington,53041.0,29,3.0
2020-05-04,Lincoln,Washington,53043.0,2,0.0
2020-05-04,Mason,Washington,53045.0,26,1.0
2020-05-04,Okanogan,Washington,53047.0,25,1.0
2020-05-04,Pacific,Washington,53049.0,4,0.0
2020-05-04,Pend Oreille,Washington,53051.0,2,0.0
2020-05-04,Pierce,Washington,53053.0,1673,52.0
2020-05-04,San Juan,Washington,53055.0,14,0.0
2020-05-04,Skagit,Washington,53057.0,357,13.0
2020-05-04,Skamania,Washington,53059.0,3,0.0
2020-05-04,Snohomish,Washington,53061.0,2784,110.0
2020-05-04,Spokane,Washington,53063.0,378,22.0
2020-05-04,Stevens,Washington,53065.0,9,1.0
2020-05-04,Thurston,Washington,53067.0,113,1.0
2020-05-04,Wahkiakum,Washington,53069.0,2,0.0
2020-05-04,Walla Walla,Washington,53071.0,92,0.0
2020-05-04,Whatcom,Washington,53073.0,317,28.0
2020-05-04,Whitman,Washington,53075.0,16,0.0
2020-05-04,Yakima,Washington,53077.0,1411,48.0
2020-05-05,Adams,Washington,53001.0,48,0.0
2020-05-05,Asotin,Washington,53003.0,18,2.0
2020-05-05,Benton,Washington,53005.0,537,46.0
2020-05-05,Chelan,Washington,53007.0,128,6.0
2020-05-05,Clallam,Washington,53009.0,19,0.0
2020-05-05,Clark,Washington,53011.0,368,22.0
2020-05-05,Columbia,Washington,53013.0,1,0.0
2020-05-05,Cowlitz,Washington,53015.0,60,0.0
2020-05-05,Douglas,Washington,53017.0,84,2.0
2020-05-05,Ferry,Washington,53019.0,1,0.0
2020-05-05,Franklin,Washington,53021.0,379,13.0
2020-05-05,Grant,Washington,53025.0,181,2.0
2020-05-05,Grays Harbor,Washington,53027.0,12,0.0
2020-05-05,Island,Washington,53029.0,175,9.0
2020-05-05,Jefferson,Washington,53031.0,28,0.0
2020-05-05,King,Washington,53033.0,6655,471.0
2020-05-05,Kitsap,Washington,53035.0,152,2.0
2020-05-05,Kittitas,Washington,53037.0,14,0.0
2020-05-05,Klickitat,Washington,53039.0,17,3.0
2020-05-05,Lewis,Washington,53041.0,29,3.0
2020-05-05,Lincoln,Washington,53043.0,2,0.0
2020-05-05,Mason,Washington,53045.0,26,1.0
2020-05-05,Okanogan,Washington,53047.0,25,1.0
2020-05-05,Pacific,Washington,53049.0,4,0.0
2020-05-05,Pend Oreille,Washington,53051.0,2,0.0
2020-05-05,Pierce,Washington,53053.0,1711,54.0
2020-05-05,San Juan,Washington,53055.0,14,0.0
2020-05-05,Skagit,Washington,53057.0,364,13.0
2020-05-05,Skamania,Washington,53059.0,3,0.0
2020-05-05,Snohomish,Washington,53061.0,2807,110.0
2020-05-05,Spokane,Washington,53063.0,379,23.0
2020-05-05,Stevens,Washington,53065.0,9,1.0
2020-05-05,Thurston,Washington,53067.0,113,1.0
2020-05-05,Wahkiakum,Washington,53069.0,2,0.0
2020-05-05,Walla Walla,Washington,53071.0,93,0.0
2020-05-05,Whatcom,Washington,53073.0,318,29.0
2020-05-05,Whitman,Washington,53075.0,16,0.0
2020-05-05,Yakima,Washington,53077.0,1440,49.0
2020-05-06,Adams,Washington,53001.0,49,0.0
2020-05-06,Asotin,Washington,53003.0,18,2.0
2020-05-06,Benton,Washington,53005.0,660,50.0
2020-05-06,Chelan,Washington,53007.0,138,6.0
2020-05-06,Clallam,Washington,53009.0,19,0.0
2020-05-06,Clark,Washington,53011.0,372,23.0
2020-05-06,Columbia,Washington,53013.0,1,0.0
2020-05-06,Cowlitz,Washington,53015.0,62,0.0
2020-05-06,Douglas,Washington,53017.0,95,2.0
2020-05-06,Ferry,Washington,53019.0,1,0.0
2020-05-06,Franklin,Washington,53021.0,487,14.0
2020-05-06,Grant,Washington,53025.0,181,2.0
2020-05-06,Grays Harbor,Washington,53027.0,12,0.0
2020-05-06,Island,Washington,53029.0,178,9.0
2020-05-06,Jefferson,Washington,53031.0,28,0.0
2020-05-06,King,Washington,53033.0,6772,476.0
2020-05-06,Kitsap,Washington,53035.0,152,2.0
2020-05-06,Kittitas,Washington,53037.0,15,0.0
2020-05-06,Klickitat,Washington,53039.0,18,3.0
2020-05-06,Lewis,Washington,53041.0,29,3.0
2020-05-06,Lincoln,Washington,53043.0,2,0.0
2020-05-06,Mason,Washington,53045.0,26,1.0
2020-05-06,Okanogan,Washington,53047.0,25,2.0
2020-05-06,Pacific,Washington,53049.0,4,0.0
2020-05-06,Pend Oreille,Washington,53051.0,2,0.0
2020-05-06,Pierce,Washington,53053.0,1757,54.0
2020-05-06,San Juan,Washington,53055.0,14,0.0
2020-05-06,Skagit,Washington,53057.0,379,13.0
2020-05-06,Skamania,Washington,53059.0,3,0.0
2020-05-06,Snohomish,Washington,53061.0,2830,112.0
2020-05-06,Spokane,Washington,53063.0,384,23.0
2020-05-06,Stevens,Washington,53065.0,9,1.0
2020-05-06,Thurston,Washington,53067.0,116,1.0
2020-05-06,Wahkiakum,Washington,53069.0,2,0.0
2020-05-06,Walla Walla,Washington,53071.0,96,0.0
2020-05-06,Whatcom,Washington,53073.0,324,30.0
2020-05-06,Whitman,Washington,53075.0,16,0.0
2020-05-06,Yakima,Washington,53077.0,1597,52.0
2020-05-07,Adams,Washington,53001.0,49,0.0
2020-05-07,Asotin,Washington,53003.0,18,2.0
2020-05-07,Benton,Washington,53005.0,665,51.0
2020-05-07,Chelan,Washington,53007.0,142,6.0
2020-05-07,Clallam,Washington,53009.0,19,0.0
2020-05-07,Clark,Washington,53011.0,375,23.0
2020-05-07,Columbia,Washington,53013.0,1,0.0
2020-05-07,Cowlitz,Washington,53015.0,62,0.0
2020-05-07,Douglas,Washington,53017.0,98,2.0
2020-05-07,Ferry,Washington,53019.0,1,0.0
2020-05-07,Franklin,Washington,53021.0,501,14.0
2020-05-07,Grant,Washington,53025.0,183,2.0
2020-05-07,Grays Harbor,Washington,53027.0,13,0.0
2020-05-07,Island,Washington,53029.0,179,9.0
2020-05-07,Jefferson,Washington,53031.0,28,0.0
2020-05-07,King,Washington,53033.0,6865,482.0
2020-05-07,Kitsap,Washington,53035.0,154,2.0
2020-05-07,Kittitas,Washington,53037.0,15,0.0
2020-05-07,Klickitat,Washington,53039.0,19,3.0
2020-05-07,Lewis,Washington,53041.0,30,3.0
2020-05-07,Lincoln,Washington,53043.0,2,0.0
2020-05-07,Mason,Washington,53045.0,28,1.0
2020-05-07,Okanogan,Washington,53047.0,25,2.0
2020-05-07,Pacific,Washington,53049.0,4,0.0
2020-05-07,Pend Oreille,Washington,53051.0,2,0.0
2020-05-07,Pierce,Washington,53053.0,1801,57.0
2020-05-07,San Juan,Washington,53055.0,14,0.0
2020-05-07,Skagit,Washington,53057.0,389,13.0
2020-05-07,Skamania,Washington,53059.0,3,0.0
2020-05-07,Snohomish,Washington,53061.0,2889,114.0
2020-05-07,Spokane,Washington,53063.0,386,25.0
2020-05-07,Stevens,Washington,53065.0,9,1.0
2020-05-07,Thurston,Washington,53067.0,117,1.0
2020-05-07,Wahkiakum,Washington,53069.0,2,0.0
2020-05-07,Walla Walla,Washington,53071.0,97,0.0
2020-05-07,Whatcom,Washington,53073.0,328,33.0
2020-05-07,Whitman,Washington,53075.0,16,0.0
2020-05-07,Yakima,Washington,53077.0,1658,57.0
2020-05-08,Adams,Washington,53001.0,49,0.0
2020-05-08,Asotin,Washington,53003.0,18,2.0
2020-05-08,Benton,Washington,53005.0,675,51.0
2020-05-08,Chelan,Washington,53007.0,143,6.0
2020-05-08,Clallam,Washington,53009.0,19,0.0
2020-05-08,Clark,Washington,53011.0,375,23.0
2020-05-08,Columbia,Washington,53013.0,1,0.0
2020-05-08,Cowlitz,Washington,53015.0,64,0.0
2020-05-08,Douglas,Washington,53017.0,102,2.0
2020-05-08,Ferry,Washington,53019.0,1,0.0
2020-05-08,Franklin,Washington,53021.0,507,16.0
2020-05-08,Grant,Washington,53025.0,219,2.0
2020-05-08,Grays Harbor,Washington,53027.0,13,0.0
2020-05-08,Island,Washington,53029.0,179,9.0
2020-05-08,Jefferson,Washington,53031.0,28,0.0
2020-05-08,King,Washington,53033.0,6942,487.0
2020-05-08,Kitsap,Washington,53035.0,154,2.0
2020-05-08,Kittitas,Washington,53037.0,15,0.0
2020-05-08,Klickitat,Washington,53039.0,19,3.0
2020-05-08,Lewis,Washington,53041.0,30,3.0
2020-05-08,Lincoln,Washington,53043.0,2,0.0
2020-05-08,Mason,Washington,53045.0,28,1.0
2020-05-08,Okanogan,Washington,53047.0,25,2.0
2020-05-08,Pacific,Washington,53049.0,8,0.0
2020-05-08,Pend Oreille,Washington,53051.0,2,0.0
2020-05-08,Pierce,Washington,53053.0,1820,58.0
2020-05-08,San Juan,Washington,53055.0,14,0.0
2020-05-08,Skagit,Washington,53057.0,391,13.0
2020-05-08,Skamania,Washington,53059.0,3,0.0
2020-05-08,Snohomish,Washington,53061.0,2917,114.0
2020-05-08,Spokane,Washington,53063.0,386,28.0
2020-05-08,Stevens,Washington,53065.0,9,1.0
2020-05-08,Thurston,Washington,53067.0,118,1.0
2020-05-08,Wahkiakum,Washington,53069.0,3,0.0
2020-05-08,Walla Walla,Washington,53071.0,97,0.0
2020-05-08,Whatcom,Washington,53073.0,329,33.0
2020-05-08,Whitman,Washington,53075.0,16,0.0
2020-05-08,Yakima,Washington,53077.0,1756,58.0
2020-05-09,Adams,Washington,53001.0,49,0.0
2020-05-09,Asotin,Washington,53003.0,18,2.0
2020-05-09,Benton,Washington,53005.0,695,51.0
2020-05-09,Chelan,Washington,53007.0,146,6.0
2020-05-09,Clallam,Washington,53009.0,19,0.0
2020-05-09,Clark,Washington,53011.0,375,23.0
2020-05-09,Columbia,Washington,53013.0,1,0.0
2020-05-09,Cowlitz,Washington,53015.0,65,0.0
2020-05-09,Douglas,Washington,53017.0,107,2.0
2020-05-09,Ferry,Washington,53019.0,1,0.0
2020-05-09,Franklin,Washington,53021.0,513,16.0
2020-05-09,Grant,Washington,53025.0,219,2.0
2020-05-09,Grays Harbor,Washington,53027.0,14,0.0
2020-05-09,Island,Washington,53029.0,179,9.0
2020-05-09,Jefferson,Washington,53031.0,29,0.0
2020-05-09,King,Washington,53033.0,7002,492.0
2020-05-09,Kitsap,Washington,53035.0,155,2.0
2020-05-09,Kittitas,Washington,53037.0,17,0.0
2020-05-09,Klickitat,Washington,53039.0,19,3.0
2020-05-09,Lewis,Washington,53041.0,30,3.0
2020-05-09,Lincoln,Washington,53043.0,2,0.0
2020-05-09,Mason,Washington,53045.0,28,1.0
2020-05-09,Okanogan,Washington,53047.0,27,2.0
2020-05-09,Pacific,Washington,53049.0,9,0.0
2020-05-09,Pend Oreille,Washington,53051.0,2,0.0
2020-05-09,Pierce,Washington,53053.0,1857,60.0
2020-05-09,San Juan,Washington,53055.0,15,0.0
2020-05-09,Skagit,Washington,53057.0,397,14.0
2020-05-09,Skamania,Washington,53059.0,3,0.0
2020-05-09,Snohomish,Washington,53061.0,2917,114.0
2020-05-09,Spokane,Washington,53063.0,386,28.0
2020-05-09,Stevens,Washington,53065.0,9,1.0
2020-05-09,Thurston,Washington,53067.0,120,1.0
2020-05-09,Wahkiakum,Washington,53069.0,3,0.0
2020-05-09,Walla Walla,Washington,53071.0,99,2.0
2020-05-09,Whatcom,Washington,53073.0,330,33.0
2020-05-09,Whitman,Washington,53075.0,16,0.0
2020-05-09,Yakima,Washington,53077.0,1756,58.0
2020-05-10,Adams,Washington,53001.0,49,0.0
2020-05-10,Asotin,Washington,53003.0,18,2.0
2020-05-10,Benton,Washington,53005.0,705,51.0
2020-05-10,Chelan,Washington,53007.0,152,6.0
2020-05-10,Clallam,Washington,53009.0,19,0.0
2020-05-10,Clark,Washington,53011.0,375,23.0
2020-05-10,Columbia,Washington,53013.0,1,0.0
2020-05-10,Cowlitz,Washington,53015.0,66,0.0
2020-05-10,Douglas,Washington,53017.0,117,2.0
2020-05-10,Ferry,Washington,53019.0,1,0.0
2020-05-10,Franklin,Washington,53021.0,516,16.0
2020-05-10,Grant,Washington,53025.0,219,2.0
2020-05-10,Grays Harbor,Washington,53027.0,13,0.0
2020-05-10,Island,Washington,53029.0,179,9.0
2020-05-10,Jefferson,Washington,53031.0,29,0.0
2020-05-10,King,Washington,53033.0,7048,502.0
2020-05-10,Kitsap,Washington,53035.0,155,2.0
2020-05-10,Kittitas,Washington,53037.0,18,0.0
2020-05-10,Klickitat,Washington,53039.0,19,3.0
2020-05-10,Lewis,Washington,53041.0,30,3.0
2020-05-10,Lincoln,Washington,53043.0,2,0.0
2020-05-10,Mason,Washington,53045.0,28,1.0
2020-05-10,Okanogan,Washington,53047.0,27,2.0
2020-05-10,Pacific,Washington,53049.0,9,0.0
2020-05-10,Pend Oreille,Washington,53051.0,2,0.0
2020-05-10,Pierce,Washington,53053.0,1883,60.0
2020-05-10,San Juan,Washington,53055.0,15,0.0
2020-05-10,Skagit,Washington,53057.0,401,14.0
2020-05-10,Skamania,Washington,53059.0,3,0.0
2020-05-10,Snohomish,Washington,53061.0,2932,116.0
2020-05-10,Spokane,Washington,53063.0,386,28.0
2020-05-10,Stevens,Washington,53065.0,9,1.0
2020-05-10,Thurston,Washington,53067.0,123,1.0
2020-05-10,Wahkiakum,Washington,53069.0,3,0.0
2020-05-10,Walla Walla,Washington,53071.0,99,2.0
2020-05-10,Whatcom,Washington,53073.0,333,34.0
2020-05-10,Whitman,Washington,53075.0,16,0.0
2020-05-10,Yakima,Washington,53077.0,1781,59.0
2020-05-11,Adams,Washington,53001.0,49,0.0
2020-05-11,Asotin,Washington,53003.0,18,2.0
2020-05-11,Benton,Washington,53005.0,719,54.0
2020-05-11,Chelan,Washington,53007.0,153,6.0
2020-05-11,Clallam,Washington,53009.0,19,0.0
2020-05-11,Clark,Washington,53011.0,386,24.0
2020-05-11,Columbia,Washington,53013.0,1,0.0
2020-05-11,Cowlitz,Washington,53015.0,66,0.0
2020-05-11,Douglas,Washington,53017.0,117,2.0
2020-05-11,Ferry,Washington,53019.0,1,0.0
2020-05-11,Franklin,Washington,53021.0,525,16.0
2020-05-11,Grant,Washington,53025.0,219,2.0
2020-05-11,Grays Harbor,Washington,53027.0,13,0.0
2020-05-11,Island,Washington,53029.0,179,9.0
2020-05-11,Jefferson,Washington,53031.0,29,0.0
2020-05-11,King,Washington,53033.0,7117,507.0
2020-05-11,Kitsap,Washington,53035.0,156,2.0
2020-05-11,Kittitas,Washington,53037.0,40,0.0
2020-05-11,Klickitat,Washington,53039.0,20,3.0
2020-05-11,Lewis,Washington,53041.0,30,3.0
2020-05-11,Lincoln,Washington,53043.0,2,0.0
2020-05-11,Mason,Washington,53045.0,28,1.0
2020-05-11,Okanogan,Washington,53047.0,27,2.0
2020-05-11,Pacific,Washington,53049.0,9,0.0
2020-05-11,Pend Oreille,Washington,53051.0,2,0.0
2020-05-11,Pierce,Washington,53053.0,1907,62.0
2020-05-11,San Juan,Washington,53055.0,15,0.0
2020-05-11,Skagit,Washington,53057.0,402,14.0
2020-05-11,Skamania,Washington,53059.0,3,0.0
2020-05-11,Snohomish,Washington,53061.0,2970,118.0
2020-05-11,Spokane,Washington,53063.0,390,29.0
2020-05-11,Stevens,Washington,53065.0,9,1.0
2020-05-11,Thurston,Washington,53067.0,123,1.0
2020-05-11,Wahkiakum,Washington,53069.0,4,0.0
2020-05-11,Walla Walla,Washington,53071.0,104,2.0
2020-05-11,Whatcom,Washington,53073.0,338,34.0
2020-05-11,Whitman,Washington,53075.0,16,0.0
2020-05-11,Yakima,Washington,53077.0,1966,63.0
2020-05-12,Adams,Washington,53001.0,50,0.0
2020-05-12,Asotin,Washington,53003.0,18,2.0
2020-05-12,Benton,Washington,53005.0,723,55.0
2020-05-12,Chelan,Washington,53007.0,154,7.0
2020-05-12,Clallam,Washington,53009.0,19,0.0
2020-05-12,Clark,Washington,53011.0,393,24.0
2020-05-12,Columbia,Washington,53013.0,1,0.0
2020-05-12,Cowlitz,Washington,53015.0,66,0.0
2020-05-12,Douglas,Washington,53017.0,117,2.0
2020-05-12,Ferry,Washington,53019.0,1,0.0
2020-05-12,Franklin,Washington,53021.0,530,16.0
2020-05-12,Grant,Washington,53025.0,221,2.0
2020-05-12,Grays Harbor,Washington,53027.0,13,0.0
2020-05-12,Island,Washington,53029.0,181,9.0
2020-05-12,Jefferson,Washington,53031.0,29,0.0
2020-05-12,King,Washington,53033.0,7181,513.0
2020-05-12,Kitsap,Washington,53035.0,156,2.0
2020-05-12,Kittitas,Washington,53037.0,40,0.0
2020-05-12,Klickitat,Washington,53039.0,21,3.0
2020-05-12,Lewis,Washington,53041.0,32,3.0
2020-05-12,Lincoln,Washington,53043.0,2,0.0
2020-05-12,Mason,Washington,53045.0,29,1.0
2020-05-12,Okanogan,Washington,53047.0,31,2.0
2020-05-12,Pacific,Washington,53049.0,9,1.0
2020-05-12,Pend Oreille,Washington,53051.0,2,0.0
2020-05-12,Pierce,Washington,53053.0,1927,63.0
2020-05-12,San Juan,Washington,53055.0,15,0.0
2020-05-12,Skagit,Washington,53057.0,406,14.0
2020-05-12,Skamania,Washington,53059.0,3,0.0
2020-05-12,Snohomish,Washington,53061.0,2998,119.0
2020-05-12,Spokane,Washington,53063.0,390,29.0
2020-05-12,Stevens,Washington,53065.0,9,1.0
2020-05-12,Thurston,Washington,53067.0,124,1.0
2020-05-12,Wahkiakum,Washington,53069.0,4,0.0
2020-05-12,Walla Walla,Washington,53071.0,106,2.0
2020-05-12,Whatcom,Washington,53073.0,340,34.0
2020-05-12,Whitman,Washington,53075.0,16,0.0
2020-05-12,Yakima,Washington,53077.0,2025,67.0
2020-05-13,Adams,Washington,53001.0,50,0.0
2020-05-13,Asotin,Washington,53003.0,18,2.0
2020-05-13,Benton,Washington,53005.0,732,55.0
2020-05-13,Chelan,Washington,53007.0,165,7.0
2020-05-13,Clallam,Washington,53009.0,19,0.0
2020-05-13,Clark,Washington,53011.0,395,24.0
2020-05-13,Columbia,Washington,53013.0,1,0.0
2020-05-13,Cowlitz,Washington,53015.0,66,0.0
2020-05-13,Douglas,Washington,53017.0,120,3.0
2020-05-13,Ferry,Washington,53019.0,1,0.0
2020-05-13,Franklin,Washington,53021.0,531,16.0
2020-05-13,Grant,Washington,53025.0,221,2.0
2020-05-13,Grays Harbor,Washington,53027.0,13,0.0
2020-05-13,Island,Washington,53029.0,181,9.0
2020-05-13,Jefferson,Washington,53031.0,29,0.0
2020-05-13,King,Washington,53033.0,7223,516.0
2020-05-13,Kitsap,Washington,53035.0,157,2.0
2020-05-13,Kittitas,Washington,53037.0,44,0.0
2020-05-13,Klickitat,Washington,53039.0,22,3.0
2020-05-13,Lewis,Washington,53041.0,32,3.0
2020-05-13,Lincoln,Washington,53043.0,2,0.0
2020-05-13,Mason,Washington,53045.0,30,1.0
2020-05-13,Okanogan,Washington,53047.0,31,2.0
2020-05-13,Pacific,Washington,53049.0,9,1.0
2020-05-13,Pend Oreille,Washington,53051.0,2,0.0
2020-05-13,Pierce,Washington,53053.0,1941,63.0
2020-05-13,San Juan,Washington,53055.0,15,0.0
2020-05-13,Skagit,Washington,53057.0,411,14.0
2020-05-13,Skamania,Washington,53059.0,3,0.0
2020-05-13,Snohomish,Washington,53061.0,3009,119.0
2020-05-13,Spokane,Washington,53063.0,390,29.0
2020-05-13,Stevens,Washington,53065.0,9,1.0
2020-05-13,Thurston,Washington,53067.0,124,1.0
2020-05-13,Wahkiakum,Washington,53069.0,4,0.0
2020-05-13,Walla Walla,Washington,53071.0,107,2.0
2020-05-13,Whatcom,Washington,53073.0,344,35.0
2020-05-13,Whitman,Washington,53075.0,16,0.0
2020-05-13,Yakima,Washington,53077.0,2025,67.0
2020-05-14,Adams,Washington,53001.0,50,0.0
2020-05-14,Asotin,Washington,53003.0,18,2.0
2020-05-14,Benton,Washington,53005.0,752,56.0
2020-05-14,Chelan,Washington,53007.0,169,7.0
2020-05-14,Clallam,Washington,53009.0,19,0.0
2020-05-14,Clark,Washington,53011.0,399,24.0
2020-05-14,Columbia,Washington,53013.0,1,0.0
2020-05-14,Cowlitz,Washington,53015.0,66,0.0
2020-05-14,Douglas,Washington,53017.0,123,3.0
2020-05-14,Ferry,Washington,53019.0,1,0.0
2020-05-14,Franklin,Washington,53021.0,544,17.0
2020-05-14,Grant,Washington,53025.0,224,2.0
2020-05-14,Grays Harbor,Washington,53027.0,13,0.0
2020-05-14,Island,Washington,53029.0,181,10.0
2020-05-14,Jefferson,Washington,53031.0,29,0.0
2020-05-14,King,Washington,53033.0,7309,516.0
2020-05-14,Kitsap,Washington,53035.0,157,2.0
2020-05-14,Kittitas,Washington,53037.0,44,0.0
2020-05-14,Klickitat,Washington,53039.0,22,3.0
2020-05-14,Lewis,Washington,53041.0,32,3.0
2020-05-14,Lincoln,Washington,53043.0,2,0.0
2020-05-14,Mason,Washington,53045.0,30,1.0
2020-05-14,Okanogan,Washington,53047.0,33,2.0
2020-05-14,Pacific,Washington,53049.0,9,1.0
2020-05-14,Pend Oreille,Washington,53051.0,2,0.0
2020-05-14,Pierce,Washington,53053.0,1966,65.0
2020-05-14,San Juan,Washington,53055.0,15,0.0
2020-05-14,Skagit,Washington,53057.0,411,14.0
2020-05-14,Skamania,Washington,53059.0,3,0.0
2020-05-14,Snohomish,Washington,53061.0,3048,121.0
2020-05-14,Spokane,Washington,53063.0,398,30.0
2020-05-14,Stevens,Washington,53065.0,9,1.0
2020-05-14,Thurston,Washington,53067.0,125,1.0
2020-05-14,Wahkiakum,Washington,53069.0,4,0.0
2020-05-14,Walla Walla,Washington,53071.0,106,2.0
2020-05-14,Whatcom,Washington,53073.0,344,35.0
2020-05-14,Whitman,Washington,53075.0,17,0.0
2020-05-14,Yakima,Washington,53077.0,2186,73.0
2020-05-15,Adams,Washington,53001.0,50,0.0
2020-05-15,Asotin,Washington,53003.0,18,2.0
2020-05-15,Benton,Washington,53005.0,760,57.0
2020-05-15,Chelan,Washington,53007.0,177,7.0
2020-05-15,Clallam,Washington,53009.0,21,0.0
2020-05-15,Clark,Washington,53011.0,401,25.0
2020-05-15,Columbia,Washington,53013.0,1,0.0
2020-05-15,Cowlitz,Washington,53015.0,68,0.0
2020-05-15,Douglas,Washington,53017.0,126,3.0
2020-05-15,Ferry,Washington,53019.0,1,0.0
2020-05-15,Franklin,Washington,53021.0,552,17.0
2020-05-15,Grant,Washington,53025.0,223,2.0
2020-05-15,Grays Harbor,Washington,53027.0,14,0.0
2020-05-15,Island,Washington,53029.0,181,10.0
2020-05-15,Jefferson,Washington,53031.0,29,0.0
2020-05-15,King,Washington,53033.0,7362,523.0
2020-05-15,Kitsap,Washington,53035.0,157,2.0
2020-05-15,Kittitas,Washington,53037.0,47,0.0
2020-05-15,Klickitat,Washington,53039.0,22,3.0
2020-05-15,Lewis,Washington,53041.0,32,3.0
2020-05-15,Lincoln,Washington,53043.0,2,0.0
2020-05-15,Mason,Washington,53045.0,30,1.0
2020-05-15,Okanogan,Washington,53047.0,35,2.0
2020-05-15,Pacific,Washington,53049.0,9,1.0
2020-05-15,Pend Oreille,Washington,53051.0,2,0.0
2020-05-15,Pierce,Washington,53053.0,1990,66.0
2020-05-15,San Juan,Washington,53055.0,15,0.0
2020-05-15,Skagit,Washington,53057.0,423,14.0
2020-05-15,Skamania,Washington,53059.0,3,0.0
2020-05-15,Snohomish,Washington,53061.0,3065,125.0
2020-05-15,Spokane,Washington,53063.0,400,30.0
2020-05-15,Stevens,Washington,53065.0,9,1.0
2020-05-15,Thurston,Washington,53067.0,126,1.0
2020-05-15,Wahkiakum,Washington,53069.0,4,0.0
2020-05-15,Walla Walla,Washington,53071.0,106,2.0
2020-05-15,Whatcom,Washington,53073.0,344,35.0
2020-05-15,Whitman,Washington,53075.0,18,0.0
2020-05-15,Yakima,Washington,53077.0,2308,76.0
2020-05-16,Adams,Washington,53001.0,50,0.0
2020-05-16,Asotin,Washington,53003.0,18,2.0
2020-05-16,Benton,Washington,53005.0,773,57.0
2020-05-16,Chelan,Washington,53007.0,178,7.0
2020-05-16,Clallam,Washington,53009.0,21,0.0
2020-05-16,Clark,Washington,53011.0,401,25.0
2020-05-16,Columbia,Washington,53013.0,1,0.0
2020-05-16,Cowlitz,Washington,53015.0,68,0.0
2020-05-16,Douglas,Washington,53017.0,127,3.0
2020-05-16,Ferry,Washington,53019.0,1,0.0
2020-05-16,Franklin,Washington,53021.0,564,17.0
2020-05-16,Grant,Washington,53025.0,223,2.0
2020-05-16,Grays Harbor,Washington,53027.0,15,0.0
2020-05-16,Island,Washington,53029.0,181,10.0
2020-05-16,Jefferson,Washington,53031.0,30,0.0
2020-05-16,King,Washington,53033.0,7442,528.0
2020-05-16,Kitsap,Washington,53035.0,159,2.0
2020-05-16,Kittitas,Washington,53037.0,51,0.0
2020-05-16,Klickitat,Washington,53039.0,22,3.0
2020-05-16,Lewis,Washington,53041.0,34,3.0
2020-05-16,Lincoln,Washington,53043.0,2,0.0
2020-05-16,Mason,Washington,53045.0,30,1.0
2020-05-16,Okanogan,Washington,53047.0,39,2.0
2020-05-16,Pacific,Washington,53049.0,9,1.0
2020-05-16,Pend Oreille,Washington,53051.0,2,0.0
2020-05-16,Pierce,Washington,53053.0,2020,68.0
2020-05-16,San Juan,Washington,53055.0,15,0.0
2020-05-16,Skagit,Washington,53057.0,425,14.0
2020-05-16,Skamania,Washington,53059.0,3,0.0
2020-05-16,Snohomish,Washington,53061.0,3071,125.0
2020-05-16,Spokane,Washington,53063.0,400,30.0
2020-05-16,Stevens,Washington,53065.0,9,1.0
2020-05-16,Thurston,Washington,53067.0,127,1.0
2020-05-16,Wahkiakum,Washington,53069.0,4,0.0
2020-05-16,Walla Walla,Washington,53071.0,107,2.0
2020-05-16,Whatcom,Washington,53073.0,347,35.0
2020-05-16,Whitman,Washington,53075.0,18,0.0
2020-05-16,Yakima,Washington,53077.0,2349,76.0
2020-05-17,Adams,Washington,53001.0,50,0.0
2020-05-17,Asotin,Washington,53003.0,18,2.0
2020-05-17,Benton,Washington,53005.0,775,57.0
2020-05-17,Chelan,Washington,53007.0,181,7.0
2020-05-17,Clallam,Washington,53009.0,21,0.0
2020-05-17,Clark,Washington,53011.0,401,25.0
2020-05-17,Columbia,Washington,53013.0,1,0.0
2020-05-17,Cowlitz,Washington,53015.0,68,0.0
2020-05-17,Douglas,Washington,53017.0,127,3.0
2020-05-17,Ferry,Washington,53019.0,1,0.0
2020-05-17,Franklin,Washington,53021.0,572,17.0
2020-05-17,Grant,Washington,53025.0,223,2.0
2020-05-17,Grays Harbor,Washington,53027.0,15,0.0
2020-05-17,Island,Washington,53029.0,181,10.0
2020-05-17,Jefferson,Washington,53031.0,30,0.0
2020-05-17,King,Washington,53033.0,7482,529.0
2020-05-17,Kitsap,Washington,53035.0,159,2.0
2020-05-17,Kittitas,Washington,53037.0,51,0.0
2020-05-17,Klickitat,Washington,53039.0,22,3.0
2020-05-17,Lewis,Washington,53041.0,34,3.0
2020-05-17,Lincoln,Washington,53043.0,2,0.0
2020-05-17,Mason,Washington,53045.0,30,1.0
2020-05-17,Okanogan,Washington,53047.0,40,2.0
2020-05-17,Pacific,Washington,53049.0,9,1.0
2020-05-17,Pend Oreille,Washington,53051.0,2,0.0
2020-05-17,Pierce,Washington,53053.0,2034,68.0
2020-05-17,San Juan,Washington,53055.0,15,0.0
2020-05-17,Skagit,Washington,53057.0,425,14.0
2020-05-17,Skamania,Washington,53059.0,3,0.0
2020-05-17,Snohomish,Washington,53061.0,3082,125.0
2020-05-17,Spokane,Washington,53063.0,404,30.0
2020-05-17,Stevens,Washington,53065.0,9,1.0
2020-05-17,Thurston,Washington,53067.0,127,1.0
2020-05-17,Wahkiakum,Washington,53069.0,4,0.0
2020-05-17,Walla Walla,Washington,53071.0,108,2.0
2020-05-17,Whatcom,Washington,53073.0,347,35.0
2020-05-17,Whitman,Washington,53075.0,18,0.0
2020-05-17,Yakima,Washington,53077.0,2443,76.0
2020-05-18,Adams,Washington,53001.0,50,0.0
2020-05-18,Asotin,Washington,53003.0,18,2.0
2020-05-18,Benton,Washington,53005.0,791,58.0
2020-05-18,Chelan,Washington,53007.0,183,7.0
2020-05-18,Clallam,Washington,53009.0,21,0.0
2020-05-18,Clark,Washington,53011.0,406,25.0
2020-05-18,Columbia,Washington,53013.0,1,0.0
2020-05-18,Cowlitz,Washington,53015.0,68,0.0
2020-05-18,Douglas,Washington,53017.0,131,3.0
2020-05-18,Ferry,Washington,53019.0,1,0.0
2020-05-18,Franklin,Washington,53021.0,577,17.0
2020-05-18,Grant,Washington,53025.0,226,3.0
2020-05-18,Grays Harbor,Washington,53027.0,15,0.0
2020-05-18,Island,Washington,53029.0,181,10.0
2020-05-18,Jefferson,Washington,53031.0,30,0.0
2020-05-18,King,Washington,53033.0,7531,530.0
2020-05-18,Kitsap,Washington,53035.0,160,2.0
2020-05-18,Kittitas,Washington,53037.0,57,0.0
2020-05-18,Klickitat,Washington,53039.0,24,3.0
2020-05-18,Lewis,Washington,53041.0,35,3.0
2020-05-18,Lincoln,Washington,53043.0,2,0.0
2020-05-18,Mason,Washington,53045.0,33,1.0
2020-05-18,Okanogan,Washington,53047.0,40,2.0
2020-05-18,Pacific,Washington,53049.0,9,1.0
2020-05-18,Pend Oreille,Washington,53051.0,2,0.0
2020-05-18,Pierce,Washington,53053.0,2043,68.0
2020-05-18,San Juan,Washington,53055.0,15,0.0
2020-05-18,Skagit,Washington,53057.0,426,14.0
2020-05-18,Skamania,Washington,53059.0,3,0.0
2020-05-18,Snohomish,Washington,53061.0,3125,125.0
2020-05-18,Spokane,Washington,53063.0,412,30.0
2020-05-18,Stevens,Washington,53065.0,9,1.0
2020-05-18,Thurston,Washington,53067.0,127,1.0
2020-05-18,Wahkiakum,Washington,53069.0,4,0.0
2020-05-18,Walla Walla,Washington,53071.0,107,2.0
2020-05-18,Whatcom,Washington,53073.0,358,35.0
2020-05-18,Whitman,Washington,53075.0,18,0.0
2020-05-18,Yakima,Washington,53077.0,2517,77.0
2020-05-19,Adams,Washington,53001.0,50,0.0
2020-05-19,Asotin,Washington,53003.0,18,2.0
2020-05-19,Benton,Washington,53005.0,801,58.0
2020-05-19,Chelan,Washington,53007.0,187,7.0
2020-05-19,Clallam,Washington,53009.0,21,0.0
2020-05-19,Clark,Washington,53011.0,412,25.0
2020-05-19,Columbia,Washington,53013.0,1,0.0
2020-05-19,Cowlitz,Washington,53015.0,69,0.0
2020-05-19,Douglas,Washington,53017.0,131,3.0
2020-05-19,Ferry,Washington,53019.0,1,0.0
2020-05-19,Franklin,Washington,53021.0,587,18.0
2020-05-19,Grant,Washington,53025.0,226,3.0
2020-05-19,Grays Harbor,Washington,53027.0,15,0.0
2020-05-19,Island,Washington,53029.0,181,10.0
2020-05-19,Jefferson,Washington,53031.0,30,0.0
2020-05-19,King,Washington,53033.0,7584,536.0
2020-05-19,Kitsap,Washington,53035.0,161,2.0
2020-05-19,Kittitas,Washington,53037.0,61,0.0
2020-05-19,Klickitat,Washington,53039.0,25,3.0
2020-05-19,Lewis,Washington,53041.0,35,3.0
2020-05-19,Lincoln,Washington,53043.0,2,0.0
2020-05-19,Mason,Washington,53045.0,33,1.0
2020-05-19,Okanogan,Washington,53047.0,42,2.0
2020-05-19,Pacific,Washington,53049.0,9,1.0
2020-05-19,Pend Oreille,Washington,53051.0,2,0.0
2020-05-19,Pierce,Washington,53053.0,2069,70.0
2020-05-19,San Juan,Washington,53055.0,15,0.0
2020-05-19,Skagit,Washington,53057.0,426,15.0
2020-05-19,Skamania,Washington,53059.0,3,0.0
2020-05-19,Snohomish,Washington,53061.0,3153,131.0
2020-05-19,Spokane,Washington,53063.0,416,31.0
2020-05-19,Stevens,Washington,53065.0,10,1.0
2020-05-19,Thurston,Washington,53067.0,127,1.0
2020-05-19,Wahkiakum,Washington,53069.0,4,0.0
2020-05-19,Walla Walla,Washington,53071.0,106,2.0
2020-05-19,Whatcom,Washington,53073.0,359,36.0
2020-05-19,Whitman,Washington,53075.0,18,0.0
2020-05-19,Yakima,Washington,53077.0,2598,81.0
2020-05-20,Adams,Washington,53001.0,50,0.0
2020-05-20,Asotin,Washington,53003.0,18,2.0
2020-05-20,Benton,Washington,53005.0,808,60.0
2020-05-20,Chelan,Washington,53007.0,187,7.0
2020-05-20,Clallam,Washington,53009.0,21,0.0
2020-05-20,Clark,Washington,53011.0,415,25.0
2020-05-20,Columbia,Washington,53013.0,1,0.0
2020-05-20,Cowlitz,Washington,53015.0,69,0.0
2020-05-20,Douglas,Washington,53017.0,131,3.0
2020-05-20,Ferry,Washington,53019.0,1,0.0
2020-05-20,Franklin,Washington,53021.0,593,18.0
2020-05-20,Grant,Washington,53025.0,226,3.0
2020-05-20,Grays Harbor,Washington,53027.0,15,0.0
2020-05-20,Island,Washington,53029.0,181,10.0
2020-05-20,Jefferson,Washington,53031.0,30,0.0
2020-05-20,King,Washington,53033.0,7619,536.0
2020-05-20,Kitsap,Washington,53035.0,161,2.0
2020-05-20,Kittitas,Washington,53037.0,61,0.0
2020-05-20,Klickitat,Washington,53039.0,25,3.0
2020-05-20,Lewis,Washington,53041.0,35,3.0
2020-05-20,Lincoln,Washington,53043.0,2,0.0
2020-05-20,Mason,Washington,53045.0,33,1.0
2020-05-20,Okanogan,Washington,53047.0,44,2.0
2020-05-20,Pacific,Washington,53049.0,9,1.0
2020-05-20,Pend Oreille,Washington,53051.0,2,0.0
2020-05-20,Pierce,Washington,53053.0,2082,71.0
2020-05-20,San Juan,Washington,53055.0,15,0.0
2020-05-20,Skagit,Washington,53057.0,426,15.0
2020-05-20,Skamania,Washington,53059.0,3,0.0
2020-05-20,Snohomish,Washington,53061.0,3162,131.0
2020-05-20,Spokane,Washington,53063.0,423,31.0
2020-05-20,Stevens,Washington,53065.0,10,1.0
2020-05-20,Thurston,Washington,53067.0,127,1.0
2020-05-20,Wahkiakum,Washington,53069.0,4,0.0
2020-05-20,Walla Walla,Washington,53071.0,106,2.0
2020-05-20,Whatcom,Washington,53073.0,359,36.0
2020-05-20,Whitman,Washington,53075.0,19,0.0
2020-05-20,Yakima,Washington,53077.0,2637,81.0
2020-05-21,Adams,Washington,53001.0,50,0.0
2020-05-21,Asotin,Washington,53003.0,18,2.0
2020-05-21,Benton,Washington,53005.0,811,60.0
2020-05-21,Chelan,Washington,53007.0,203,7.0
2020-05-21,Clallam,Washington,53009.0,21,0.0
2020-05-21,Clark,Washington,53011.0,419,25.0
2020-05-21,Columbia,Washington,53013.0,1,0.0
2020-05-21,Cowlitz,Washington,53015.0,69,0.0
2020-05-21,Douglas,Washington,53017.0,138,3.0
2020-05-21,Ferry,Washington,53019.0,1,0.0
2020-05-21,Franklin,Washington,53021.0,605,18.0
2020-05-21,Grant,Washington,53025.0,226,3.0
2020-05-21,Grays Harbor,Washington,53027.0,15,0.0
2020-05-21,Island,Washington,53029.0,181,10.0
2020-05-21,Jefferson,Washington,53031.0,30,0.0
2020-05-21,King,Washington,53033.0,7647,541.0
2020-05-21,Kitsap,Washington,53035.0,161,2.0
2020-05-21,Kittitas,Washington,53037.0,61,0.0
2020-05-21,Klickitat,Washington,53039.0,25,3.0
2020-05-21,Lewis,Washington,53041.0,35,3.0
2020-05-21,Lincoln,Washington,53043.0,2,0.0
2020-05-21,Mason,Washington,53045.0,33,1.0
2020-05-21,Okanogan,Washington,53047.0,44,2.0
2020-05-21,Pacific,Washington,53049.0,9,1.0
2020-05-21,Pend Oreille,Washington,53051.0,2,0.0
2020-05-21,Pierce,Washington,53053.0,2086,72.0
2020-05-21,San Juan,Washington,53055.0,15,0.0
2020-05-21,Skagit,Washington,53057.0,426,15.0
2020-05-21,Skamania,Washington,53059.0,3,0.0
2020-05-21,Snohomish,Washington,53061.0,3198,132.0
2020-05-21,Spokane,Washington,53063.0,436,31.0
2020-05-21,Stevens,Washington,53065.0,10,1.0
2020-05-21,Thurston,Washington,53067.0,127,1.0
2020-05-21,Wahkiakum,Washington,53069.0,4,0.0
2020-05-21,Walla Walla,Washington,53071.0,106,2.0
2020-05-21,Whatcom,Washington,53073.0,359,36.0
2020-05-21,Whitman,Washington,53075.0,19,0.0
2020-05-21,Yakima,Washington,53077.0,2684,83.0
2020-05-22,Adams,Washington,53001.0,50,0.0
2020-05-22,Asotin,Washington,53003.0,18,2.0
2020-05-22,Benton,Washington,53005.0,826,61.0
2020-05-22,Chelan,Washington,53007.0,209,7.0
2020-05-22,Clallam,Washington,53009.0,25,0.0
2020-05-22,Clark,Washington,53011.0,427,25.0
2020-05-22,Columbia,Washington,53013.0,1,0.0
2020-05-22,Cowlitz,Washington,53015.0,71,0.0
2020-05-22,Douglas,Washington,53017.0,141,3.0
2020-05-22,Ferry,Washington,53019.0,1,0.0
2020-05-22,Franklin,Washington,53021.0,612,18.0
2020-05-22,Grant,Washington,53025.0,231,3.0
2020-05-22,Grays Harbor,Washington,53027.0,16,0.0
2020-05-22,Island,Washington,53029.0,181,10.0
2020-05-22,Jefferson,Washington,53031.0,30,0.0
2020-05-22,King,Washington,53033.0,7699,544.0
2020-05-22,Kitsap,Washington,53035.0,160,2.0
2020-05-22,Kittitas,Washington,53037.0,66,0.0
2020-05-22,Klickitat,Washington,53039.0,24,3.0
2020-05-22,Lewis,Washington,53041.0,35,3.0
2020-05-22,Lincoln,Washington,53043.0,2,0.0
2020-05-22,Mason,Washington,53045.0,34,1.0
2020-05-22,Okanogan,Washington,53047.0,44,2.0
2020-05-22,Pacific,Washington,53049.0,9,1.0
2020-05-22,Pend Oreille,Washington,53051.0,2,0.0
2020-05-22,Pierce,Washington,53053.0,2098,73.0
2020-05-22,San Juan,Washington,53055.0,15,0.0
2020-05-22,Skagit,Washington,53057.0,426,15.0
2020-05-22,Skamania,Washington,53059.0,3,0.0
2020-05-22,Snohomish,Washington,53061.0,3212,134.0
2020-05-22,Spokane,Washington,53063.0,454,31.0
2020-05-22,Stevens,Washington,53065.0,10,1.0
2020-05-22,Thurston,Washington,53067.0,127,1.0
2020-05-22,Wahkiakum,Washington,53069.0,4,0.0
2020-05-22,Walla Walla,Washington,53071.0,106,2.0
2020-05-22,Whatcom,Washington,53073.0,363,36.0
2020-05-22,Whitman,Washington,53075.0,19,0.0
2020-05-22,Yakima,Washington,53077.0,2775,83.0
2020-05-23,Adams,Washington,53001.0,54,0.0
2020-05-23,Asotin,Washington,53003.0,18,2.0
2020-05-23,Benton,Washington,53005.0,826,61.0
2020-05-23,Chelan,Washington,53007.0,222,7.0
2020-05-23,Clallam,Washington,53009.0,25,0.0
2020-05-23,Clark,Washington,53011.0,427,25.0
2020-05-23,Columbia,Washington,53013.0,1,0.0
2020-05-23,Cowlitz,Washington,53015.0,72,0.0
2020-05-23,Douglas,Washington,53017.0,147,3.0
2020-05-23,Ferry,Washington,53019.0,1,0.0
2020-05-23,Franklin,Washington,53021.0,612,19.0
2020-05-23,Grant,Washington,53025.0,231,3.0
2020-05-23,Grays Harbor,Washington,53027.0,16,0.0
2020-05-23,Island,Washington,53029.0,181,10.0
2020-05-23,Jefferson,Washington,53031.0,30,0.0
2020-05-23,King,Washington,53033.0,7766,544.0
2020-05-23,Kitsap,Washington,53035.0,161,2.0
2020-05-23,Kittitas,Washington,53037.0,73,0.0
2020-05-23,Klickitat,Washington,53039.0,24,3.0
2020-05-23,Lewis,Washington,53041.0,35,3.0
2020-05-23,Lincoln,Washington,53043.0,2,0.0
2020-05-23,Mason,Washington,53045.0,34,1.0
2020-05-23,Okanogan,Washington,53047.0,44,2.0
2020-05-23,Pacific,Washington,53049.0,9,1.0
2020-05-23,Pend Oreille,Washington,53051.0,4,0.0
2020-05-23,Pierce,Washington,53053.0,2110,73.0
2020-05-23,San Juan,Washington,53055.0,15,0.0
2020-05-23,Skagit,Washington,53057.0,426,15.0
2020-05-23,Skamania,Washington,53059.0,3,0.0
2020-05-23,Snohomish,Washington,53061.0,3212,134.0
2020-05-23,Spokane,Washington,53063.0,467,31.0
2020-05-23,Stevens,Washington,53065.0,10,1.0
2020-05-23,Thurston,Washington,53067.0,127,1.0
2020-05-23,Wahkiakum,Washington,53069.0,4,0.0
2020-05-23,Walla Walla,Washington,53071.0,106,2.0
2020-05-23,Whatcom,Washington,53073.0,368,36.0
2020-05-23,Whitman,Washington,53075.0,19,0.0
2020-05-23,Yakima,Washington,53077.0,2858,83.0
2020-05-24,Adams,Washington,53001.0,54,0.0
2020-05-24,Asotin,Washington,53003.0,18,2.0
2020-05-24,Benton,Washington,53005.0,825,61.0
2020-05-24,Chelan,Washington,53007.0,234,7.0
2020-05-24,Clallam,Washington,53009.0,25,0.0
2020-05-24,Clark,Washington,53011.0,427,25.0
2020-05-24,Columbia,Washington,53013.0,1,0.0
2020-05-24,Cowlitz,Washington,53015.0,72,0.0
2020-05-24,Douglas,Washington,53017.0,157,3.0
2020-05-24,Ferry,Washington,53019.0,1,0.0
2020-05-24,Franklin,Washington,53021.0,612,19.0
2020-05-24,Grant,Washington,53025.0,231,3.0
2020-05-24,Grays Harbor,Washington,53027.0,16,0.0
2020-05-24,Island,Washington,53029.0,181,10.0
2020-05-24,Jefferson,Washington,53031.0,30,0.0
2020-05-24,King,Washington,53033.0,7821,549.0
2020-05-24,Kitsap,Washington,53035.0,161,2.0
2020-05-24,Kittitas,Washington,53037.0,73,0.0
2020-05-24,Klickitat,Washington,53039.0,24,3.0
2020-05-24,Lewis,Washington,53041.0,35,3.0
2020-05-24,Lincoln,Washington,53043.0,2,0.0
2020-05-24,Mason,Washington,53045.0,34,1.0
2020-05-24,Okanogan,Washington,53047.0,44,2.0
2020-05-24,Pacific,Washington,53049.0,9,1.0
2020-05-24,Pend Oreille,Washington,53051.0,3,0.0
2020-05-24,Pierce,Washington,53053.0,2130,74.0
2020-05-24,San Juan,Washington,53055.0,15,0.0
2020-05-24,Skagit,Washington,53057.0,426,15.0
2020-05-24,Skamania,Washington,53059.0,3,0.0
2020-05-24,Snohomish,Washington,53061.0,3240,134.0
2020-05-24,Spokane,Washington,53063.0,481,31.0
2020-05-24,Stevens,Washington,53065.0,10,1.0
2020-05-24,Thurston,Washington,53067.0,131,1.0
2020-05-24,Wahkiakum,Washington,53069.0,4,0.0
2020-05-24,Walla Walla,Washington,53071.0,107,2.0
2020-05-24,Whatcom,Washington,53073.0,368,36.0
2020-05-24,Whitman,Washington,53075.0,19,0.0
2020-05-24,Yakima,Washington,53077.0,2965,84.0
2020-05-25,Adams,Washington,53001.0,54,0.0
2020-05-25,Asotin,Washington,53003.0,18,2.0
2020-05-25,Benton,Washington,53005.0,868,61.0
2020-05-25,Chelan,Washington,53007.0,237,7.0
2020-05-25,Clallam,Washington,53009.0,25,0.0
2020-05-25,Clark,Washington,53011.0,427,25.0
2020-05-25,Columbia,Washington,53013.0,1,0.0
2020-05-25,Cowlitz,Washington,53015.0,72,0.0
2020-05-25,Douglas,Washington,53017.0,159,3.0
2020-05-25,Ferry,Washington,53019.0,1,0.0
2020-05-25,Franklin,Washington,53021.0,641,19.0
2020-05-25,Grant,Washington,53025.0,231,3.0
2020-05-25,Grays Harbor,Washington,53027.0,16,0.0
2020-05-25,Island,Washington,53029.0,181,10.0
2020-05-25,Jefferson,Washington,53031.0,30,0.0
2020-05-25,King,Washington,53033.0,7881,552.0
2020-05-25,Kitsap,Washington,53035.0,161,2.0
2020-05-25,Kittitas,Washington,53037.0,73,0.0
2020-05-25,Klickitat,Washington,53039.0,24,3.0
2020-05-25,Lewis,Washington,53041.0,35,3.0
2020-05-25,Lincoln,Washington,53043.0,2,0.0
2020-05-25,Mason,Washington,53045.0,34,1.0
2020-05-25,Okanogan,Washington,53047.0,44,2.0
2020-05-25,Pacific,Washington,53049.0,9,1.0
2020-05-25,Pend Oreille,Washington,53051.0,3,0.0
2020-05-25,Pierce,Washington,53053.0,2140,74.0
2020-05-25,San Juan,Washington,53055.0,15,0.0
2020-05-25,Skagit,Washington,53057.0,426,15.0
2020-05-25,Skamania,Washington,53059.0,3,0.0
2020-05-25,Snohomish,Washington,53061.0,3249,135.0
2020-05-25,Spokane,Washington,53063.0,498,31.0
2020-05-25,Stevens,Washington,53065.0,10,1.0
2020-05-25,Thurston,Washington,53067.0,132,1.0
2020-05-25,Wahkiakum,Washington,53069.0,4,0.0
2020-05-25,Walla Walla,Washington,53071.0,108,2.0
2020-05-25,Whatcom,Washington,53073.0,368,36.0
2020-05-25,Whitman,Washington,53075.0,19,0.0
2020-05-25,Yakima,Washington,53077.0,3066,87.0
2020-05-26,Adams,Washington,53001.0,54,0.0
2020-05-26,Asotin,Washington,53003.0,19,2.0
2020-05-26,Benton,Washington,53005.0,890,61.0
2020-05-26,Chelan,Washington,53007.0,239,7.0
2020-05-26,Clallam,Washington,53009.0,25,0.0
2020-05-26,Clark,Washington,53011.0,510,25.0
2020-05-26,Columbia,Washington,53013.0,1,0.0
2020-05-26,Cowlitz,Washington,53015.0,73,0.0
2020-05-26,Douglas,Washington,53017.0,159,3.0
2020-05-26,Ferry,Washington,53019.0,1,0.0
2020-05-26,Franklin,Washington,53021.0,649,19.0
2020-05-26,Grant,Washington,53025.0,238,3.0
2020-05-26,Grays Harbor,Washington,53027.0,16,0.0
2020-05-26,Island,Washington,53029.0,180,10.0
2020-05-26,Jefferson,Washington,53031.0,30,0.0
2020-05-26,King,Washington,53033.0,7898,554.0
2020-05-26,Kitsap,Washington,53035.0,161,2.0
2020-05-26,Kittitas,Washington,53037.0,75,0.0
2020-05-26,Klickitat,Washington,53039.0,24,3.0
2020-05-26,Lewis,Washington,53041.0,35,3.0
2020-05-26,Lincoln,Washington,53043.0,2,0.0
2020-05-26,Mason,Washington,53045.0,34,1.0
2020-05-26,Okanogan,Washington,53047.0,46,2.0
2020-05-26,Pacific,Washington,53049.0,9,1.0
2020-05-26,Pend Oreille,Washington,53051.0,3,0.0
2020-05-26,Pierce,Washington,53053.0,2143,75.0
2020-05-26,San Juan,Washington,53055.0,15,0.0
2020-05-26,Skagit,Washington,53057.0,427,15.0
2020-05-26,Skamania,Washington,53059.0,3,0.0
2020-05-26,Snohomish,Washington,53061.0,3297,143.0
2020-05-26,Spokane,Washington,53063.0,507,31.0
2020-05-26,Stevens,Washington,53065.0,10,1.0
2020-05-26,Thurston,Washington,53067.0,132,1.0
2020-05-26,Wahkiakum,Washington,53069.0,4,0.0
2020-05-26,Walla Walla,Washington,53071.0,108,2.0
2020-05-26,Whatcom,Washington,53073.0,378,36.0
2020-05-26,Whitman,Washington,53075.0,20,0.0
2020-05-26,Yakima,Washington,53077.0,3123,91.0
2020-05-27,Adams,Washington,53001.0,54,0.0
2020-05-27,Asotin,Washington,53003.0,19,2.0
2020-05-27,Benton,Washington,53005.0,899,64.0
2020-05-27,Chelan,Washington,53007.0,244,7.0
2020-05-27,Clallam,Washington,53009.0,25,0.0
2020-05-27,Clark,Washington,53011.0,533,25.0
2020-05-27,Columbia,Washington,53013.0,1,0.0
2020-05-27,Cowlitz,Washington,53015.0,73,0.0
2020-05-27,Douglas,Washington,53017.0,162,3.0
2020-05-27,Ferry,Washington,53019.0,1,0.0
2020-05-27,Franklin,Washington,53021.0,661,20.0
2020-05-27,Grant,Washington,53025.0,238,3.0
2020-05-27,Grays Harbor,Washington,53027.0,16,0.0
2020-05-27,Island,Washington,53029.0,180,11.0
2020-05-27,Jefferson,Washington,53031.0,30,0.0
2020-05-27,King,Washington,53033.0,7933,561.0
2020-05-27,Kitsap,Washington,53035.0,161,2.0
2020-05-27,Kittitas,Washington,53037.0,80,0.0
2020-05-27,Klickitat,Washington,53039.0,24,3.0
2020-05-27,Lewis,Washington,53041.0,35,3.0
2020-05-27,Lincoln,Washington,53043.0,2,0.0
2020-05-27,Mason,Washington,53045.0,34,1.0
2020-05-27,Okanogan,Washington,53047.0,46,2.0
2020-05-27,Pacific,Washington,53049.0,9,1.0
2020-05-27,Pend Oreille,Washington,53051.0,3,0.0
2020-05-27,Pierce,Washington,53053.0,2159,76.0
2020-05-27,San Juan,Washington,53055.0,15,0.0
2020-05-27,Skagit,Washington,53057.0,428,15.0
2020-05-27,Skamania,Washington,53059.0,3,0.0
2020-05-27,Snohomish,Washington,53061.0,3318,145.0
2020-05-27,Spokane,Washington,53063.0,530,31.0
2020-05-27,Stevens,Washington,53065.0,10,1.0
2020-05-27,Thurston,Washington,53067.0,135,1.0
2020-05-27,Wahkiakum,Washington,53069.0,4,0.0
2020-05-27,Walla Walla,Washington,53071.0,108,2.0
2020-05-27,Whatcom,Washington,53073.0,380,36.0
2020-05-27,Whitman,Washington,53075.0,20,0.0
2020-05-27,Yakima,Washington,53077.0,3252,91.0
2020-05-28,Adams,Washington,53001.0,54,0.0
2020-05-28,Asotin,Washington,53003.0,19,2.0
2020-05-28,Benton,Washington,53005.0,910,65.0
2020-05-28,Chelan,Washington,53007.0,246,7.0
2020-05-28,Clallam,Washington,53009.0,25,0.0
2020-05-28,Clark,Washington,53011.0,548,25.0
2020-05-28,Columbia,Washington,53013.0,1,0.0
2020-05-28,Cowlitz,Washington,53015.0,73,0.0
2020-05-28,Douglas,Washington,53017.0,164,3.0
2020-05-28,Ferry,Washington,53019.0,1,0.0
2020-05-28,Franklin,Washington,53021.0,668,20.0
2020-05-28,Grant,Washington,53025.0,238,3.0
2020-05-28,Grays Harbor,Washington,53027.0,16,0.0
2020-05-28,Island,Washington,53029.0,180,11.0
2020-05-28,Jefferson,Washington,53031.0,30,0.0
2020-05-28,King,Washington,53033.0,7988,564.0
2020-05-28,Kitsap,Washington,53035.0,161,2.0
2020-05-28,Kittitas,Washington,53037.0,80,0.0
2020-05-28,Klickitat,Washington,53039.0,24,3.0
2020-05-28,Lewis,Washington,53041.0,35,3.0
2020-05-28,Lincoln,Washington,53043.0,2,0.0
2020-05-28,Mason,Washington,53045.0,34,1.0
2020-05-28,Okanogan,Washington,53047.0,49,2.0
2020-05-28,Pacific,Washington,53049.0,9,1.0
2020-05-28,Pend Oreille,Washington,53051.0,3,0.0
2020-05-28,Pierce,Washington,53053.0,2179,78.0
2020-05-28,San Juan,Washington,53055.0,15,0.0
2020-05-28,Skagit,Washington,53057.0,428,15.0
2020-05-28,Skamania,Washington,53059.0,3,0.0
2020-05-28,Snohomish,Washington,53061.0,3323,147.0
2020-05-28,Spokane,Washington,53063.0,544,31.0
2020-05-28,Stevens,Washington,53065.0,11,1.0
2020-05-28,Thurston,Washington,53067.0,135,1.0
2020-05-28,Wahkiakum,Washington,53069.0,4,0.0
2020-05-28,Walla Walla,Washington,53071.0,108,2.0
2020-05-28,Whatcom,Washington,53073.0,383,36.0
2020-05-28,Whitman,Washington,53075.0,20,0.0
2020-05-28,Yakima,Washington,53077.0,3380,93.0
2020-05-29,Adams,Washington,53001.0,59,0.0
2020-05-29,Asotin,Washington,53003.0,19,2.0
2020-05-29,Benton,Washington,53005.0,925,65.0
2020-05-29,Chelan,Washington,53007.0,252,7.0
2020-05-29,Clallam,Washington,53009.0,25,0.0
2020-05-29,Clark,Washington,53011.0,551,25.0
2020-05-29,Columbia,Washington,53013.0,1,0.0
2020-05-29,Cowlitz,Washington,53015.0,73,0.0
2020-05-29,Douglas,Washington,53017.0,168,3.0
2020-05-29,Ferry,Washington,53019.0,1,0.0
2020-05-29,Franklin,Washington,53021.0,694,20.0
2020-05-29,Grant,Washington,53025.0,255,3.0
2020-05-29,Grays Harbor,Washington,53027.0,16,0.0
2020-05-29,Island,Washington,53029.0,180,11.0
2020-05-29,Jefferson,Washington,53031.0,30,0.0
2020-05-29,King,Washington,53033.0,8008,566.0
2020-05-29,Kitsap,Washington,53035.0,161,2.0
2020-05-29,Kittitas,Washington,53037.0,83,0.0
2020-05-29,Klickitat,Washington,53039.0,24,3.0
2020-05-29,Lewis,Washington,53041.0,35,3.0
2020-05-29,Lincoln,Washington,53043.0,2,0.0
2020-05-29,Mason,Washington,53045.0,35,1.0
2020-05-29,Okanogan,Washington,53047.0,49,2.0
2020-05-29,Pacific,Washington,53049.0,9,1.0
2020-05-29,Pend Oreille,Washington,53051.0,3,0.0
2020-05-29,Pierce,Washington,53053.0,2191,78.0
2020-05-29,San Juan,Washington,53055.0,15,0.0
2020-05-29,Skagit,Washington,53057.0,430,15.0
2020-05-29,Skamania,Washington,53059.0,3,0.0
2020-05-29,Snohomish,Washington,53061.0,3341,147.0
2020-05-29,Spokane,Washington,53063.0,574,32.0
2020-05-29,Stevens,Washington,53065.0,11,1.0
2020-05-29,Thurston,Washington,53067.0,136,1.0
2020-05-29,Wahkiakum,Washington,53069.0,4,0.0
2020-05-29,Walla Walla,Washington,53071.0,109,2.0
2020-05-29,Whatcom,Washington,53073.0,383,36.0
2020-05-29,Whitman,Washington,53075.0,20,0.0
2020-05-29,Yakima,Washington,53077.0,3502,94.0
2020-05-30,Adams,Washington,53001.0,62,0.0
2020-05-30,Asotin,Washington,53003.0,19,2.0
2020-05-30,Benton,Washington,53005.0,944,65.0
2020-05-30,Chelan,Washington,53007.0,254,7.0
2020-05-30,Clallam,Washington,53009.0,25,0.0
2020-05-30,Clark,Washington,53011.0,551,25.0
2020-05-30,Columbia,Washington,53013.0,1,0.0
2020-05-30,Cowlitz,Washington,53015.0,73,0.0
2020-05-30,Douglas,Washington,53017.0,170,3.0
2020-05-30,Ferry,Washington,53019.0,1,0.0
2020-05-30,Franklin,Washington,53021.0,694,20.0
2020-05-30,Grant,Washington,53025.0,255,3.0
2020-05-30,Grays Harbor,Washington,53027.0,16,0.0
2020-05-30,Island,Washington,53029.0,180,11.0
2020-05-30,Jefferson,Washington,53031.0,30,0.0
2020-05-30,King,Washington,53033.0,8056,569.0
2020-05-30,Kitsap,Washington,53035.0,161,2.0
2020-05-30,Kittitas,Washington,53037.0,87,0.0
2020-05-30,Klickitat,Washington,53039.0,24,3.0
2020-05-30,Lewis,Washington,53041.0,36,3.0
2020-05-30,Lincoln,Washington,53043.0,2,0.0
2020-05-30,Mason,Washington,53045.0,35,1.0
2020-05-30,Okanogan,Washington,53047.0,49,2.0
2020-05-30,Pacific,Washington,53049.0,9,1.0
2020-05-30,Pend Oreille,Washington,53051.0,3,0.0
2020-05-30,Pierce,Washington,53053.0,2205,79.0
2020-05-30,San Juan,Washington,53055.0,15,0.0
2020-05-30,Skagit,Washington,53057.0,432,15.0
2020-05-30,Skamania,Washington,53059.0,3,0.0
2020-05-30,Snohomish,Washington,53061.0,3341,147.0
2020-05-30,Spokane,Washington,53063.0,586,32.0
2020-05-30,Stevens,Washington,53065.0,11,1.0
2020-05-30,Thurston,Washington,53067.0,148,2.0
2020-05-30,Wahkiakum,Washington,53069.0,4,0.0
2020-05-30,Walla Walla,Washington,53071.0,109,2.0
2020-05-30,Whatcom,Washington,53073.0,392,36.0
2020-05-30,Whitman,Washington,53075.0,20,0.0
2020-05-30,Yakima,Washington,53077.0,3615,95.0
2020-05-31,Adams,Washington,53001.0,63,0.0
2020-05-31,Asotin,Washington,53003.0,19,2.0
2020-05-31,Benton,Washington,53005.0,962,65.0
2020-05-31,Chelan,Washington,53007.0,256,7.0
2020-05-31,Clallam,Washington,53009.0,25,0.0
2020-05-31,Clark,Washington,53011.0,551,25.0
2020-05-31,Columbia,Washington,53013.0,1,0.0
2020-05-31,Cowlitz,Washington,53015.0,73,0.0
2020-05-31,Douglas,Washington,53017.0,172,3.0
2020-05-31,Ferry,Washington,53019.0,1,0.0
2020-05-31,Franklin,Washington,53021.0,704,20.0
2020-05-31,Grant,Washington,53025.0,255,3.0
2020-05-31,Grays Harbor,Washington,53027.0,17,0.0
2020-05-31,Island,Washington,53029.0,180,11.0
2020-05-31,Jefferson,Washington,53031.0,30,0.0
2020-05-31,King,Washington,53033.0,8161,569.0
2020-05-31,Kitsap,Washington,53035.0,161,2.0
2020-05-31,Kittitas,Washington,53037.0,88,0.0
2020-05-31,Klickitat,Washington,53039.0,25,3.0
2020-05-31,Lewis,Washington,53041.0,37,3.0
2020-05-31,Lincoln,Washington,53043.0,2,0.0
2020-05-31,Mason,Washington,53045.0,36,1.0
2020-05-31,Okanogan,Washington,53047.0,49,2.0
2020-05-31,Pacific,Washington,53049.0,9,1.0
2020-05-31,Pend Oreille,Washington,53051.0,3,0.0
2020-05-31,Pierce,Washington,53053.0,2224,79.0
2020-05-31,San Juan,Washington,53055.0,15,0.0
2020-05-31,Skagit,Washington,53057.0,434,15.0
2020-05-31,Skamania,Washington,53059.0,3,0.0
2020-05-31,Snohomish,Washington,53061.0,3349,147.0
2020-05-31,Spokane,Washington,53063.0,600,32.0
2020-05-31,Stevens,Washington,53065.0,11,1.0
2020-05-31,Thurston,Washington,53067.0,154,2.0
2020-05-31,Wahkiakum,Washington,53069.0,4,0.0
2020-05-31,Walla Walla,Washington,53071.0,109,2.0
2020-05-31,Whatcom,Washington,53073.0,396,36.0
2020-05-31,Whitman,Washington,53075.0,20,0.0
2020-05-31,Yakima,Washington,53077.0,3615,95.0
2020-06-01,Adams,Washington,53001.0,63,0.0
2020-06-01,Asotin,Washington,53003.0,19,2.0
2020-06-01,Benton,Washington,53005.0,980,67.0
2020-06-01,Chelan,Washington,53007.0,256,7.0
2020-06-01,Clallam,Washington,53009.0,25,0.0
2020-06-01,Clark,Washington,53011.0,558,25.0
2020-06-01,Columbia,Washington,53013.0,1,0.0
2020-06-01,Cowlitz,Washington,53015.0,73,0.0
2020-06-01,Douglas,Washington,53017.0,173,3.0
2020-06-01,Ferry,Washington,53019.0,1,0.0
2020-06-01,Franklin,Washington,53021.0,760,20.0
2020-06-01,Grant,Washington,53025.0,269,3.0
2020-06-01,Grays Harbor,Washington,53027.0,17,0.0
2020-06-01,Island,Washington,53029.0,181,11.0
2020-06-01,Jefferson,Washington,53031.0,31,0.0
2020-06-01,King,Washington,53033.0,8194,571.0
2020-06-01,Kitsap,Washington,53035.0,162,2.0
2020-06-01,Kittitas,Washington,53037.0,88,0.0
2020-06-01,Klickitat,Washington,53039.0,25,3.0
2020-06-01,Lewis,Washington,53041.0,37,3.0
2020-06-01,Lincoln,Washington,53043.0,2,0.0
2020-06-01,Mason,Washington,53045.0,36,1.0
2020-06-01,Okanogan,Washington,53047.0,50,2.0
2020-06-01,Pacific,Washington,53049.0,9,1.0
2020-06-01,Pend Oreille,Washington,53051.0,3,0.0
2020-06-01,Pierce,Washington,53053.0,2232,79.0
2020-06-01,San Juan,Washington,53055.0,15,0.0
2020-06-01,Skagit,Washington,53057.0,435,15.0
2020-06-01,Skamania,Washington,53059.0,3,0.0
2020-06-01,Snohomish,Washington,53061.0,3379,148.0
2020-06-01,Spokane,Washington,53063.0,606,33.0
2020-06-01,Stevens,Washington,53065.0,11,1.0
2020-06-01,Thurston,Washington,53067.0,155,2.0
2020-06-01,Wahkiakum,Washington,53069.0,4,0.0
2020-06-01,Walla Walla,Washington,53071.0,110,2.0
2020-06-01,Whatcom,Washington,53073.0,398,37.0
2020-06-01,Whitman,Washington,53075.0,20,0.0
2020-06-01,Yakima,Washington,53077.0,3891,95.0
2020-06-02,Adams,Washington,53001.0,63,0.0
2020-06-02,Asotin,Washington,53003.0,19,2.0
2020-06-02,Benton,Washington,53005.0,999,67.0
2020-06-02,Chelan,Washington,53007.0,258,7.0
2020-06-02,Clallam,Washington,53009.0,25,0.0
2020-06-02,Clark,Washington,53011.0,560,25.0
2020-06-02,Columbia,Washington,53013.0,1,0.0
2020-06-02,Cowlitz,Washington,53015.0,74,0.0
2020-06-02,Douglas,Washington,53017.0,173,3.0
2020-06-02,Ferry,Washington,53019.0,1,0.0
2020-06-02,Franklin,Washington,53021.0,786,20.0
2020-06-02,Grant,Washington,53025.0,272,3.0
2020-06-02,Grays Harbor,Washington,53027.0,17,0.0
2020-06-02,Island,Washington,53029.0,181,11.0
2020-06-02,Jefferson,Washington,53031.0,31,0.0
2020-06-02,King,Washington,53033.0,8237,572.0
2020-06-02,Kitsap,Washington,53035.0,162,2.0
2020-06-02,Kittitas,Washington,53037.0,89,0.0
2020-06-02,Klickitat,Washington,53039.0,28,3.0
2020-06-02,Lewis,Washington,53041.0,37,3.0
2020-06-02,Lincoln,Washington,53043.0,2,0.0
2020-06-02,Mason,Washington,53045.0,36,1.0
2020-06-02,Okanogan,Washington,53047.0,53,2.0
2020-06-02,Pacific,Washington,53049.0,9,1.0
2020-06-02,Pend Oreille,Washington,53051.0,3,0.0
2020-06-02,Pierce,Washington,53053.0,2245,81.0
2020-06-02,San Juan,Washington,53055.0,15,0.0
2020-06-02,Skagit,Washington,53057.0,438,15.0
2020-06-02,Skamania,Washington,53059.0,3,0.0
2020-06-02,Snohomish,Washington,53061.0,3412,149.0
2020-06-02,Spokane,Washington,53063.0,619,34.0
2020-06-02,Stevens,Washington,53065.0,11,1.0
2020-06-02,Thurston,Washington,53067.0,157,2.0
2020-06-02,Wahkiakum,Washington,53069.0,4,0.0
2020-06-02,Walla Walla,Washington,53071.0,110,2.0
2020-06-02,Whatcom,Washington,53073.0,401,37.0
2020-06-02,Whitman,Washington,53075.0,20,0.0
2020-06-02,Yakima,Washington,53077.0,4057,96.0
2020-06-03,Adams,Washington,53001.0,73,0.0
2020-06-03,Asotin,Washington,53003.0,19,2.0
2020-06-03,Benton,Washington,53005.0,1017,67.0
2020-06-03,Chelan,Washington,53007.0,261,7.0
2020-06-03,Clallam,Washington,53009.0,27,0.0
2020-06-03,Clark,Washington,53011.0,566,25.0
2020-06-03,Columbia,Washington,53013.0,1,0.0
2020-06-03,Cowlitz,Washington,53015.0,76,0.0
2020-06-03,Douglas,Washington,53017.0,174,3.0
2020-06-03,Ferry,Washington,53019.0,1,0.0
2020-06-03,Franklin,Washington,53021.0,800,20.0
2020-06-03,Grant,Washington,53025.0,276,3.0
2020-06-03,Grays Harbor,Washington,53027.0,18,0.0
2020-06-03,Island,Washington,53029.0,181,11.0
2020-06-03,Jefferson,Washington,53031.0,31,0.0
2020-06-03,King,Washington,53033.0,8279,575.0
2020-06-03,Kitsap,Washington,53035.0,163,2.0
2020-06-03,Kittitas,Washington,53037.0,89,0.0
2020-06-03,Klickitat,Washington,53039.0,28,3.0
2020-06-03,Lewis,Washington,53041.0,37,3.0
2020-06-03,Lincoln,Washington,53043.0,2,0.0
2020-06-03,Mason,Washington,53045.0,36,1.0
2020-06-03,Okanogan,Washington,53047.0,53,2.0
2020-06-03,Pacific,Washington,53049.0,9,1.0
2020-06-03,Pend Oreille,Washington,53051.0,3,0.0
2020-06-03,Pierce,Washington,53053.0,2270,82.0
2020-06-03,San Juan,Washington,53055.0,15,0.0
2020-06-03,Skagit,Washington,53057.0,443,15.0
2020-06-03,Skamania,Washington,53059.0,4,0.0
2020-06-03,Snohomish,Washington,53061.0,3427,150.0
2020-06-03,Spokane,Washington,53063.0,633,34.0
2020-06-03,Stevens,Washington,53065.0,13,1.0
2020-06-03,Thurston,Washington,53067.0,157,2.0
2020-06-03,Wahkiakum,Washington,53069.0,4,0.0
2020-06-03,Walla Walla,Washington,53071.0,111,2.0
2020-06-03,Whatcom,Washington,53073.0,402,37.0
2020-06-03,Whitman,Washington,53075.0,20,0.0
2020-06-03,Yakima,Washington,53077.0,4057,97.0
2020-06-04,Adams,Washington,53001.0,77,0.0
2020-06-04,Asotin,Washington,53003.0,19,2.0
2020-06-04,Benton,Washington,53005.0,1029,67.0
2020-06-04,Chelan,Washington,53007.0,261,7.0
2020-06-04,Clallam,Washington,53009.0,27,0.0
2020-06-04,Clark,Washington,53011.0,569,25.0
2020-06-04,Columbia,Washington,53013.0,1,0.0
2020-06-04,Cowlitz,Washington,53015.0,76,0.0
2020-06-04,Douglas,Washington,53017.0,176,3.0
2020-06-04,Ferry,Washington,53019.0,1,0.0
2020-06-04,Franklin,Washington,53021.0,834,20.0
2020-06-04,Grant,Washington,53025.0,277,4.0
2020-06-04,Grays Harbor,Washington,53027.0,18,0.0
2020-06-04,Island,Washington,53029.0,181,11.0
2020-06-04,Jefferson,Washington,53031.0,31,0.0
2020-06-04,King,Washington,53033.0,8335,576.0
2020-06-04,Kitsap,Washington,53035.0,163,2.0
2020-06-04,Kittitas,Washington,53037.0,88,0.0
2020-06-04,Klickitat,Washington,53039.0,29,3.0
2020-06-04,Lewis,Washington,53041.0,37,3.0
2020-06-04,Lincoln,Washington,53043.0,2,0.0
2020-06-04,Mason,Washington,53045.0,36,1.0
2020-06-04,Okanogan,Washington,53047.0,61,2.0
2020-06-04,Pacific,Washington,53049.0,9,1.0
2020-06-04,Pend Oreille,Washington,53051.0,3,0.0
2020-06-04,Pierce,Washington,53053.0,2286,83.0
2020-06-04,San Juan,Washington,53055.0,15,0.0
2020-06-04,Skagit,Washington,53057.0,446,15.0
2020-06-04,Skamania,Washington,53059.0,3,0.0
2020-06-04,Snohomish,Washington,53061.0,3442,152.0
2020-06-04,Spokane,Washington,53063.0,652,34.0
2020-06-04,Stevens,Washington,53065.0,13,1.0
2020-06-04,Thurston,Washington,53067.0,160,2.0
2020-06-04,Wahkiakum,Washington,53069.0,4,0.0
2020-06-04,Walla Walla,Washington,53071.0,111,2.0
2020-06-04,Whatcom,Washington,53073.0,404,37.0
2020-06-04,Whitman,Washington,53075.0,20,0.0
2020-06-04,Yakima,Washington,53077.0,4103,97.0
2020-06-05,Adams,Washington,53001.0,78,0.0
2020-06-05,Asotin,Washington,53003.0,19,2.0
2020-06-05,Benton,Washington,53005.0,1065,69.0
2020-06-05,Chelan,Washington,53007.0,265,7.0
2020-06-05,Clallam,Washington,53009.0,27,0.0
2020-06-05,Clark,Washington,53011.0,571,27.0
2020-06-05,Columbia,Washington,53013.0,1,0.0
2020-06-05,Cowlitz,Washington,53015.0,76,0.0
2020-06-05,Douglas,Washington,53017.0,180,3.0
2020-06-05,Ferry,Washington,53019.0,1,0.0
2020-06-05,Franklin,Washington,53021.0,855,21.0
2020-06-05,Grant,Washington,53025.0,278,4.0
2020-06-05,Grays Harbor,Washington,53027.0,19,0.0
2020-06-05,Island,Washington,53029.0,181,11.0
2020-06-05,Jefferson,Washington,53031.0,31,0.0
2020-06-05,King,Washington,53033.0,8398,578.0
2020-06-05,Kitsap,Washington,53035.0,164,2.0
2020-06-05,Kittitas,Washington,53037.0,88,0.0
2020-06-05,Klickitat,Washington,53039.0,30,3.0
2020-06-05,Lewis,Washington,53041.0,37,3.0
2020-06-05,Lincoln,Washington,53043.0,2,0.0
2020-06-05,Mason,Washington,53045.0,37,1.0
2020-06-05,Okanogan,Washington,53047.0,66,2.0
2020-06-05,Pacific,Washington,53049.0,9,1.0
2020-06-05,Pend Oreille,Washington,53051.0,3,0.0
2020-06-05,Pierce,Washington,53053.0,2303,84.0
2020-06-05,San Juan,Washington,53055.0,15,0.0
2020-06-05,Skagit,Washington,53057.0,450,15.0
2020-06-05,Skamania,Washington,53059.0,3,0.0
2020-06-05,Snohomish,Washington,53061.0,3471,151.0
2020-06-05,Spokane,Washington,53063.0,711,35.0
2020-06-05,Stevens,Washington,53065.0,13,1.0
2020-06-05,Thurston,Washington,53067.0,165,2.0
2020-06-05,Wahkiakum,Washington,53069.0,4,0.0
2020-06-05,Walla Walla,Washington,53071.0,113,2.0
2020-06-05,Whatcom,Washington,53073.0,405,37.0
2020-06-05,Whitman,Washington,53075.0,20,0.0
2020-06-05,Yakima,Washington,53077.0,4392,99.0
2020-06-06,Adams,Washington,53001.0,79,0.0
2020-06-06,Asotin,Washington,53003.0,19,2.0
2020-06-06,Benton,Washington,53005.0,1076,69.0
2020-06-06,Chelan,Washington,53007.0,265,7.0
2020-06-06,Clallam,Washington,53009.0,27,0.0
2020-06-06,Clark,Washington,53011.0,571,27.0
2020-06-06,Columbia,Washington,53013.0,1,0.0
2020-06-06,Cowlitz,Washington,53015.0,78,0.0
2020-06-06,Douglas,Washington,53017.0,180,3.0
2020-06-06,Ferry,Washington,53019.0,1,0.0
2020-06-06,Franklin,Washington,53021.0,855,21.0
2020-06-06,Grant,Washington,53025.0,278,4.0
2020-06-06,Grays Harbor,Washington,53027.0,19,0.0
2020-06-06,Island,Washington,53029.0,181,11.0
2020-06-06,Jefferson,Washington,53031.0,31,0.0
2020-06-06,King,Washington,53033.0,8419,578.0
2020-06-06,Kitsap,Washington,53035.0,165,2.0
2020-06-06,Kittitas,Washington,53037.0,88,0.0
2020-06-06,Klickitat,Washington,53039.0,33,3.0
2020-06-06,Lewis,Washington,53041.0,37,3.0
2020-06-06,Lincoln,Washington,53043.0,2,0.0
2020-06-06,Mason,Washington,53045.0,37,1.0
2020-06-06,Okanogan,Washington,53047.0,66,2.0
2020-06-06,Pacific,Washington,53049.0,9,1.0
2020-06-06,Pend Oreille,Washington,53051.0,3,0.0
2020-06-06,Pierce,Washington,53053.0,2323,85.0
2020-06-06,San Juan,Washington,53055.0,15,0.0
2020-06-06,Skagit,Washington,53057.0,449,15.0
2020-06-06,Skamania,Washington,53059.0,3,0.0
2020-06-06,Snohomish,Washington,53061.0,3472,152.0
2020-06-06,Spokane,Washington,53063.0,717,35.0
2020-06-06,Stevens,Washington,53065.0,13,1.0
2020-06-06,Thurston,Washington,53067.0,170,2.0
2020-06-06,Wahkiakum,Washington,53069.0,4,0.0
2020-06-06,Walla Walla,Washington,53071.0,113,2.0
2020-06-06,Whatcom,Washington,53073.0,409,37.0
2020-06-06,Whitman,Washington,53075.0,20,0.0
2020-06-06,Yakima,Washington,53077.0,4539,100.0
2020-06-07,Adams,Washington,53001.0,79,0.0
2020-06-07,Asotin,Washington,53003.0,19,2.0
2020-06-07,Benton,Washington,53005.0,1100,69.0
2020-06-07,Chelan,Washington,53007.0,265,7.0
2020-06-07,Clallam,Washington,53009.0,27,0.0
2020-06-07,Clark,Washington,53011.0,571,27.0
2020-06-07,Columbia,Washington,53013.0,1,0.0
2020-06-07,Cowlitz,Washington,53015.0,81,0.0
2020-06-07,Douglas,Washington,53017.0,180,3.0
2020-06-07,Ferry,Washington,53019.0,1,0.0
2020-06-07,Franklin,Washington,53021.0,859,21.0
2020-06-07,Grant,Washington,53025.0,278,3.0
2020-06-07,Grays Harbor,Washington,53027.0,19,0.0
2020-06-07,Island,Washington,53029.0,181,11.0
2020-06-07,Jefferson,Washington,53031.0,31,0.0
2020-06-07,King,Washington,53033.0,8467,580.0
2020-06-07,Kitsap,Washington,53035.0,165,2.0
2020-06-07,Kittitas,Washington,53037.0,89,0.0
2020-06-07,Klickitat,Washington,53039.0,33,3.0
2020-06-07,Lewis,Washington,53041.0,37,3.0
2020-06-07,Lincoln,Washington,53043.0,2,0.0
2020-06-07,Mason,Washington,53045.0,38,1.0
2020-06-07,Okanogan,Washington,53047.0,66,2.0
2020-06-07,Pacific,Washington,53049.0,9,1.0
2020-06-07,Pend Oreille,Washington,53051.0,3,0.0
2020-06-07,Pierce,Washington,53053.0,2332,85.0
2020-06-07,San Juan,Washington,53055.0,15,0.0
2020-06-07,Skagit,Washington,53057.0,449,15.0
2020-06-07,Skamania,Washington,53059.0,3,0.0
2020-06-07,Snohomish,Washington,53061.0,3471,151.0
2020-06-07,Spokane,Washington,53063.0,740,35.0
2020-06-07,Stevens,Washington,53065.0,13,1.0
2020-06-07,Thurston,Washington,53067.0,170,2.0
2020-06-07,Wahkiakum,Washington,53069.0,4,0.0
2020-06-07,Walla Walla,Washington,53071.0,116,2.0
2020-06-07,Whatcom,Washington,53073.0,410,37.0
2020-06-07,Whitman,Washington,53075.0,26,0.0
2020-06-07,Yakima,Washington,53077.0,4714,100.0
2020-06-08,Adams,Washington,53001.0,79,0.0
2020-06-08,Asotin,Washington,53003.0,19,2.0
2020-06-08,Benton,Washington,53005.0,1153,69.0
2020-06-08,Chelan,Washington,53007.0,266,7.0
2020-06-08,Clallam,Washington,53009.0,27,0.0
2020-06-08,Clark,Washington,53011.0,603,28.0
2020-06-08,Columbia,Washington,53013.0,1,0.0
2020-06-08,Cowlitz,Washington,53015.0,86,0.0
2020-06-08,Douglas,Washington,53017.0,180,3.0
2020-06-08,Ferry,Washington,53019.0,1,0.0
2020-06-08,Franklin,Washington,53021.0,943,21.0
2020-06-08,Grant,Washington,53025.0,283,3.0
2020-06-08,Grays Harbor,Washington,53027.0,19,0.0
2020-06-08,Island,Washington,53029.0,182,11.0
2020-06-08,Jefferson,Washington,53031.0,31,0.0
2020-06-08,King,Washington,53033.0,8509,581.0
2020-06-08,Kitsap,Washington,53035.0,165,2.0
2020-06-08,Kittitas,Washington,53037.0,90,0.0
2020-06-08,Klickitat,Washington,53039.0,35,3.0
2020-06-08,Lewis,Washington,53041.0,37,3.0
2020-06-08,Lincoln,Washington,53043.0,2,0.0
2020-06-08,Mason,Washington,53045.0,38,1.0
2020-06-08,Okanogan,Washington,53047.0,67,2.0
2020-06-08,Pacific,Washington,53049.0,9,1.0
2020-06-08,Pend Oreille,Washington,53051.0,3,0.0
2020-06-08,Pierce,Washington,53053.0,2345,85.0
2020-06-08,San Juan,Washington,53055.0,15,0.0
2020-06-08,Skagit,Washington,53057.0,450,15.0
2020-06-08,Skamania,Washington,53059.0,3,0.0
2020-06-08,Snohomish,Washington,53061.0,3504,152.0
2020-06-08,Spokane,Washington,53063.0,767,35.0
2020-06-08,Stevens,Washington,53065.0,13,1.0
2020-06-08,Thurston,Washington,53067.0,173,3.0
2020-06-08,Wahkiakum,Washington,53069.0,4,0.0
2020-06-08,Walla Walla,Washington,53071.0,117,2.0
2020-06-08,Whatcom,Washington,53073.0,419,37.0
2020-06-08,Whitman,Washington,53075.0,26,0.0
2020-06-08,Yakima,Washington,53077.0,4929,101.0
2020-06-09,Adams,Washington,53001.0,80,0.0
2020-06-09,Asotin,Washington,53003.0,19,2.0
2020-06-09,Benton,Washington,53005.0,1165,69.0
2020-06-09,Chelan,Washington,53007.0,268,7.0
2020-06-09,Clallam,Washington,53009.0,27,0.0
2020-06-09,Clark,Washington,53011.0,605,28.0
2020-06-09,Columbia,Washington,53013.0,1,0.0
2020-06-09,Cowlitz,Washington,53015.0,89,0.0
2020-06-09,Douglas,Washington,53017.0,181,3.0
2020-06-09,Ferry,Washington,53019.0,1,0.0
2020-06-09,Franklin,Washington,53021.0,956,22.0
2020-06-09,Grant,Washington,53025.0,288,3.0
2020-06-09,Grays Harbor,Washington,53027.0,19,0.0
2020-06-09,Island,Washington,53029.0,181,11.0
2020-06-09,Jefferson,Washington,53031.0,31,0.0
2020-06-09,King,Washington,53033.0,8538,582.0
2020-06-09,Kitsap,Washington,53035.0,170,2.0
2020-06-09,Kittitas,Washington,53037.0,90,0.0
2020-06-09,Klickitat,Washington,53039.0,37,3.0
2020-06-09,Lewis,Washington,53041.0,37,3.0
2020-06-09,Lincoln,Washington,53043.0,2,0.0
2020-06-09,Mason,Washington,53045.0,39,1.0
2020-06-09,Okanogan,Washington,53047.0,67,2.0
2020-06-09,Pacific,Washington,53049.0,10,1.0
2020-06-09,Pend Oreille,Washington,53051.0,3,0.0
2020-06-09,Pierce,Washington,53053.0,2357,87.0
2020-06-09,San Juan,Washington,53055.0,15,0.0
2020-06-09,Skagit,Washington,53057.0,450,15.0
2020-06-09,Skamania,Washington,53059.0,3,0.0
2020-06-09,Snohomish,Washington,53061.0,3524,154.0
2020-06-09,Spokane,Washington,53063.0,778,37.0
2020-06-09,Stevens,Washington,53065.0,13,1.0
2020-06-09,Thurston,Washington,53067.0,174,4.0
2020-06-09,Wahkiakum,Washington,53069.0,4,0.0
2020-06-09,Walla Walla,Washington,53071.0,119,2.0
2020-06-09,Whatcom,Washington,53073.0,420,38.0
2020-06-09,Whitman,Washington,53075.0,26,0.0
2020-06-09,Yakima,Washington,53077.0,5009,104.0
2020-06-10,Adams,Washington,53001.0,87,0.0
2020-06-10,Asotin,Washington,53003.0,20,2.0
2020-06-10,Benton,Washington,53005.0,1185,71.0
2020-06-10,Chelan,Washington,53007.0,272,7.0
2020-06-10,Clallam,Washington,53009.0,29,0.0
2020-06-10,Clark,Washington,53011.0,607,28.0
2020-06-10,Columbia,Washington,53013.0,1,0.0
2020-06-10,Cowlitz,Washington,53015.0,94,0.0
2020-06-10,Douglas,Washington,53017.0,181,3.0
2020-06-10,Ferry,Washington,53019.0,1,0.0
2020-06-10,Franklin,Washington,53021.0,979,22.0
2020-06-10,Grant,Washington,53025.0,298,3.0
2020-06-10,Grays Harbor,Washington,53027.0,19,0.0
2020-06-10,Island,Washington,53029.0,182,11.0
2020-06-10,Jefferson,Washington,53031.0,31,0.0
2020-06-10,King,Washington,53033.0,8561,582.0
2020-06-10,Kitsap,Washington,53035.0,172,2.0
2020-06-10,Kittitas,Washington,53037.0,91,0.0
2020-06-10,Klickitat,Washington,53039.0,44,3.0
2020-06-10,Lewis,Washington,53041.0,37,3.0
2020-06-10,Lincoln,Washington,53043.0,2,0.0
2020-06-10,Mason,Washington,53045.0,39,1.0
2020-06-10,Okanogan,Washington,53047.0,68,2.0
2020-06-10,Pacific,Washington,53049.0,10,1.0
2020-06-10,Pend Oreille,Washington,53051.0,3,0.0
2020-06-10,Pierce,Washington,53053.0,2364,87.0
2020-06-10,San Juan,Washington,53055.0,15,0.0
2020-06-10,Skagit,Washington,53057.0,450,15.0
2020-06-10,Skamania,Washington,53059.0,3,0.0
2020-06-10,Snohomish,Washington,53061.0,3532,154.0
2020-06-10,Spokane,Washington,53063.0,792,37.0
2020-06-10,Stevens,Washington,53065.0,14,1.0
2020-06-10,Thurston,Washington,53067.0,179,4.0
2020-06-10,Wahkiakum,Washington,53069.0,4,0.0
2020-06-10,Walla Walla,Washington,53071.0,118,2.0
2020-06-10,Whatcom,Washington,53073.0,420,38.0
2020-06-10,Whitman,Washington,53075.0,27,0.0
2020-06-10,Yakima,Washington,53077.0,5009,104.0
2020-06-11,Adams,Washington,53001.0,89,0.0
2020-06-11,Asotin,Washington,53003.0,20,2.0
2020-06-11,Benton,Washington,53005.0,1221,71.0
2020-06-11,Chelan,Washington,53007.0,272,7.0
2020-06-11,Clallam,Washington,53009.0,29,0.0
2020-06-11,Clark,Washington,53011.0,622,28.0
2020-06-11,Columbia,Washington,53013.0,1,0.0
2020-06-11,Cowlitz,Washington,53015.0,101,0.0
2020-06-11,Douglas,Washington,53017.0,181,3.0
2020-06-11,Ferry,Washington,53019.0,1,0.0
2020-06-11,Franklin,Washington,53021.0,1008,25.0
2020-06-11,Grant,Washington,53025.0,303,3.0
2020-06-11,Grays Harbor,Washington,53027.0,19,0.0
2020-06-11,Island,Washington,53029.0,182,11.0
2020-06-11,Jefferson,Washington,53031.0,31,0.0
2020-06-11,King,Washington,53033.0,8586,585.0
2020-06-11,Kitsap,Washington,53035.0,172,2.0
2020-06-11,Kittitas,Washington,53037.0,91,0.0
2020-06-11,Klickitat,Washington,53039.0,44,3.0
2020-06-11,Lewis,Washington,53041.0,37,3.0
2020-06-11,Lincoln,Washington,53043.0,2,0.0
2020-06-11,Mason,Washington,53045.0,39,1.0
2020-06-11,Okanogan,Washington,53047.0,68,2.0
2020-06-11,Pacific,Washington,53049.0,10,1.0
2020-06-11,Pend Oreille,Washington,53051.0,3,0.0
2020-06-11,Pierce,Washington,53053.0,2369,87.0
2020-06-11,San Juan,Washington,53055.0,15,0.0
2020-06-11,Skagit,Washington,53057.0,452,15.0
2020-06-11,Skamania,Washington,53059.0,3,0.0
2020-06-11,Snohomish,Washington,53061.0,3541,155.0
2020-06-11,Spokane,Washington,53063.0,796,37.0
2020-06-11,Stevens,Washington,53065.0,15,1.0
2020-06-11,Thurston,Washington,53067.0,179,4.0
2020-06-11,Wahkiakum,Washington,53069.0,4,0.0
2020-06-11,Walla Walla,Washington,53071.0,118,2.0
2020-06-11,Whatcom,Washington,53073.0,428,38.0
2020-06-11,Whitman,Washington,53075.0,28,0.0
2020-06-11,Yakima,Washington,53077.0,5092,112.0
2020-06-12,Adams,Washington,53001.0,89,0.0
2020-06-12,Asotin,Washington,53003.0,20,2.0
2020-06-12,Benton,Washington,53005.0,1263,72.0
2020-06-12,Chelan,Washington,53007.0,275,7.0
2020-06-12,Clallam,Washington,53009.0,29,0.0
2020-06-12,Clark,Washington,53011.0,630,28.0
2020-06-12,Columbia,Washington,53013.0,1,0.0
2020-06-12,Cowlitz,Washington,53015.0,102,0.0
2020-06-12,Douglas,Washington,53017.0,181,3.0
2020-06-12,Ferry,Washington,53019.0,1,0.0
2020-06-12,Franklin,Washington,53021.0,1034,25.0
2020-06-12,Grant,Washington,53025.0,321,4.0
2020-06-12,Grays Harbor,Washington,53027.0,20,0.0
2020-06-12,Island,Washington,53029.0,182,11.0
2020-06-12,Jefferson,Washington,53031.0,31,0.0
2020-06-12,King,Washington,53033.0,8646,588.0
2020-06-12,Kitsap,Washington,53035.0,173,2.0
2020-06-12,Kittitas,Washington,53037.0,92,0.0
2020-06-12,Klickitat,Washington,53039.0,44,3.0
2020-06-12,Lewis,Washington,53041.0,38,3.0
2020-06-12,Lincoln,Washington,53043.0,2,0.0
2020-06-12,Mason,Washington,53045.0,39,1.0
2020-06-12,Okanogan,Washington,53047.0,74,2.0
2020-06-12,Pacific,Washington,53049.0,11,1.0
2020-06-12,Pend Oreille,Washington,53051.0,3,0.0
2020-06-12,Pierce,Washington,53053.0,2383,88.0
2020-06-12,San Juan,Washington,53055.0,15,0.0
2020-06-12,Skagit,Washington,53057.0,454,15.0
2020-06-12,Skamania,Washington,53059.0,3,0.0
2020-06-12,Snohomish,Washington,53061.0,3566,155.0
2020-06-12,Spokane,Washington,53063.0,806,37.0
2020-06-12,Stevens,Washington,53065.0,15,1.0
2020-06-12,Thurston,Washington,53067.0,187,4.0
2020-06-12,Wahkiakum,Washington,53069.0,4,0.0
2020-06-12,Walla Walla,Washington,53071.0,118,3.0
2020-06-12,Whatcom,Washington,53073.0,436,38.0
2020-06-12,Whitman,Washington,53075.0,29,0.0
2020-06-12,Yakima,Washington,53077.0,5259,114.0
2020-06-13,Adams,Washington,53001.0,90,0.0
2020-06-13,Asotin,Washington,53003.0,20,2.0
2020-06-13,Benton,Washington,53005.0,1263,73.0
2020-06-13,Chelan,Washington,53007.0,275,7.0
2020-06-13,Clallam,Washington,53009.0,29,0.0
2020-06-13,Clark,Washington,53011.0,630,28.0
2020-06-13,Columbia,Washington,53013.0,1,0.0
2020-06-13,Cowlitz,Washington,53015.0,105,0.0
2020-06-13,Douglas,Washington,53017.0,181,3.0
2020-06-13,Ferry,Washington,53019.0,1,0.0
2020-06-13,Franklin,Washington,53021.0,1034,25.0
2020-06-13,Grant,Washington,53025.0,321,4.0
2020-06-13,Grays Harbor,Washington,53027.0,20,0.0
2020-06-13,Island,Washington,53029.0,182,11.0
2020-06-13,Jefferson,Washington,53031.0,31,0.0
2020-06-13,King,Washington,53033.0,8702,593.0
2020-06-13,Kitsap,Washington,53035.0,176,2.0
2020-06-13,Kittitas,Washington,53037.0,92,0.0
2020-06-13,Klickitat,Washington,53039.0,45,3.0
2020-06-13,Lewis,Washington,53041.0,38,3.0
2020-06-13,Lincoln,Washington,53043.0,2,0.0
2020-06-13,Mason,Washington,53045.0,39,1.0
2020-06-13,Okanogan,Washington,53047.0,74,2.0
2020-06-13,Pacific,Washington,53049.0,11,1.0
2020-06-13,Pend Oreille,Washington,53051.0,3,0.0
2020-06-13,Pierce,Washington,53053.0,2404,88.0
2020-06-13,San Juan,Washington,53055.0,15,0.0
2020-06-13,Skagit,Washington,53057.0,457,15.0
2020-06-13,Skamania,Washington,53059.0,3,0.0
2020-06-13,Snohomish,Washington,53061.0,3566,155.0
2020-06-13,Spokane,Washington,53063.0,808,37.0
2020-06-13,Stevens,Washington,53065.0,15,1.0
2020-06-13,Thurston,Washington,53067.0,192,4.0
2020-06-13,Wahkiakum,Washington,53069.0,4,0.0
2020-06-13,Walla Walla,Washington,53071.0,118,3.0
2020-06-13,Whatcom,Washington,53073.0,440,38.0
2020-06-13,Whitman,Washington,53075.0,29,0.0
2020-06-13,Yakima,Washington,53077.0,5504,117.0
2020-06-14,Adams,Washington,53001.0,91,0.0
2020-06-14,Asotin,Washington,53003.0,20,2.0
2020-06-14,Benton,Washington,53005.0,1263,73.0
2020-06-14,Chelan,Washington,53007.0,275,7.0
2020-06-14,Clallam,Washington,53009.0,29,0.0
2020-06-14,Clark,Washington,53011.0,630,28.0
2020-06-14,Columbia,Washington,53013.0,1,0.0
2020-06-14,Cowlitz,Washington,53015.0,107,0.0
2020-06-14,Douglas,Washington,53017.0,185,3.0
2020-06-14,Ferry,Washington,53019.0,1,0.0
2020-06-14,Franklin,Washington,53021.0,1034,25.0
2020-06-14,Grant,Washington,53025.0,321,4.0
2020-06-14,Grays Harbor,Washington,53027.0,20,0.0
2020-06-14,Island,Washington,53029.0,182,11.0
2020-06-14,Jefferson,Washington,53031.0,31,0.0
2020-06-14,King,Washington,53033.0,8753,593.0
2020-06-14,Kitsap,Washington,53035.0,176,2.0
2020-06-14,Kittitas,Washington,53037.0,92,0.0
2020-06-14,Klickitat,Washington,53039.0,45,3.0
2020-06-14,Lewis,Washington,53041.0,38,3.0
2020-06-14,Lincoln,Washington,53043.0,2,0.0
2020-06-14,Mason,Washington,53045.0,40,1.0
2020-06-14,Okanogan,Washington,53047.0,74,2.0
2020-06-14,Pacific,Washington,53049.0,12,1.0
2020-06-14,Pend Oreille,Washington,53051.0,3,0.0
2020-06-14,Pierce,Washington,53053.0,2423,89.0
2020-06-14,San Juan,Washington,53055.0,15,0.0
2020-06-14,Skagit,Washington,53057.0,461,15.0
2020-06-14,Skamania,Washington,53059.0,3,0.0
2020-06-14,Snohomish,Washington,53061.0,3566,155.0
2020-06-14,Spokane,Washington,53063.0,824,37.0
2020-06-14,Stevens,Washington,53065.0,15,1.0
2020-06-14,Thurston,Washington,53067.0,193,4.0
2020-06-14,Wahkiakum,Washington,53069.0,4,0.0
2020-06-14,Walla Walla,Washington,53071.0,118,3.0
2020-06-14,Whatcom,Washington,53073.0,448,38.0
2020-06-14,Whitman,Washington,53075.0,29,0.0
2020-06-14,Yakima,Washington,53077.0,5611,120.0
2020-06-15,Adams,Washington,53001.0,93,0.0
2020-06-15,Asotin,Washington,53003.0,20,2.0
2020-06-15,Benton,Washington,53005.0,1341,73.0
2020-06-15,Chelan,Washington,53007.0,276,7.0
2020-06-15,Clallam,Washington,53009.0,29,0.0
2020-06-15,Clark,Washington,53011.0,647,28.0
2020-06-15,Columbia,Washington,53013.0,1,0.0
2020-06-15,Cowlitz,Washington,53015.0,109,0.0
2020-06-15,Douglas,Washington,53017.0,183,3.0
2020-06-15,Ferry,Washington,53019.0,1,0.0
2020-06-15,Franklin,Washington,53021.0,1083,26.0
2020-06-15,Grant,Washington,53025.0,370,4.0
2020-06-15,Grays Harbor,Washington,53027.0,20,0.0
2020-06-15,Island,Washington,53029.0,183,11.0
2020-06-15,Jefferson,Washington,53031.0,32,0.0
2020-06-15,King,Washington,53033.0,8799,594.0
2020-06-15,Kitsap,Washington,53035.0,178,2.0
2020-06-15,Kittitas,Washington,53037.0,92,0.0
2020-06-15,Klickitat,Washington,53039.0,46,3.0
2020-06-15,Lewis,Washington,53041.0,39,3.0
2020-06-15,Lincoln,Washington,53043.0,2,0.0
2020-06-15,Mason,Washington,53045.0,40,1.0
2020-06-15,Okanogan,Washington,53047.0,74,2.0
2020-06-15,Pacific,Washington,53049.0,12,1.0
2020-06-15,Pend Oreille,Washington,53051.0,3,0.0
2020-06-15,Pierce,Washington,53053.0,2435,89.0
2020-06-15,San Juan,Washington,53055.0,15,0.0
2020-06-15,Skagit,Washington,53057.0,463,15.0
2020-06-15,Skamania,Washington,53059.0,3,0.0
2020-06-15,Snohomish,Washington,53061.0,3595,155.0
2020-06-15,Spokane,Washington,53063.0,846,37.0
2020-06-15,Stevens,Washington,53065.0,15,1.0
2020-06-15,Thurston,Washington,53067.0,197,4.0
2020-06-15,Wahkiakum,Washington,53069.0,4,0.0
2020-06-15,Walla Walla,Washington,53071.0,122,3.0
2020-06-15,Whatcom,Washington,53073.0,453,38.0
2020-06-15,Whitman,Washington,53075.0,29,0.0
2020-06-15,Yakima,Washington,53077.0,5727,121.0
2020-06-16,Adams,Washington,53001.0,100,0.0
2020-06-16,Asotin,Washington,53003.0,20,2.0
2020-06-16,Benton,Washington,53005.0,1389,74.0
2020-06-16,Chelan,Washington,53007.0,277,7.0
2020-06-16,Clallam,Washington,53009.0,29,0.0
2020-06-16,Clark,Washington,53011.0,656,28.0
2020-06-16,Columbia,Washington,53013.0,1,0.0
2020-06-16,Cowlitz,Washington,53015.0,118,0.0
2020-06-16,Douglas,Washington,53017.0,187,3.0
2020-06-16,Ferry,Washington,53019.0,1,0.0
2020-06-16,Franklin,Washington,53021.0,1144,26.0
2020-06-16,Grant,Washington,53025.0,370,4.0
2020-06-16,Grays Harbor,Washington,53027.0,20,0.0
2020-06-16,Island,Washington,53029.0,183,11.0
2020-06-16,Jefferson,Washington,53031.0,32,0.0
2020-06-16,King,Washington,53033.0,8857,597.0
2020-06-16,Kitsap,Washington,53035.0,178,2.0
2020-06-16,Kittitas,Washington,53037.0,92,0.0
2020-06-16,Klickitat,Washington,53039.0,49,3.0
2020-06-16,Lewis,Washington,53041.0,40,3.0
2020-06-16,Lincoln,Washington,53043.0,2,0.0
2020-06-16,Mason,Washington,53045.0,40,1.0
2020-06-16,Okanogan,Washington,53047.0,74,2.0
2020-06-16,Pacific,Washington,53049.0,12,1.0
2020-06-16,Pend Oreille,Washington,53051.0,3,0.0
2020-06-16,Pierce,Washington,53053.0,2458,89.0
2020-06-16,San Juan,Washington,53055.0,16,0.0
2020-06-16,Skagit,Washington,53057.0,464,15.0
2020-06-16,Skamania,Washington,53059.0,3,0.0
2020-06-16,Snohomish,Washington,53061.0,3614,157.0
2020-06-16,Spokane,Washington,53063.0,864,37.0
2020-06-16,Stevens,Washington,53065.0,15,1.0
2020-06-16,Thurston,Washington,53067.0,198,5.0
2020-06-16,Wahkiakum,Washington,53069.0,4,0.0
2020-06-16,Walla Walla,Washington,53071.0,125,3.0
2020-06-16,Whatcom,Washington,53073.0,455,39.0
2020-06-16,Whitman,Washington,53075.0,29,0.0
2020-06-16,Yakima,Washington,53077.0,5830,124.0
2020-06-17,Adams,Washington,53001.0,101,0.0
2020-06-17,Asotin,Washington,53003.0,20,2.0
2020-06-17,Benton,Washington,53005.0,1407,74.0
2020-06-17,Chelan,Washington,53007.0,279,7.0
2020-06-17,Clallam,Washington,53009.0,32,0.0
2020-06-17,Clark,Washington,53011.0,659,28.0
2020-06-17,Columbia,Washington,53013.0,1,0.0
2020-06-17,Cowlitz,Washington,53015.0,120,0.0
2020-06-17,Douglas,Washington,53017.0,187,3.0
2020-06-17,Ferry,Washington,53019.0,1,0.0
2020-06-17,Franklin,Washington,53021.0,1180,26.0
2020-06-17,Grant,Washington,53025.0,390,4.0
2020-06-17,Grays Harbor,Washington,53027.0,21,0.0
2020-06-17,Island,Washington,53029.0,184,11.0
2020-06-17,Jefferson,Washington,53031.0,32,0.0
2020-06-17,King,Washington,53033.0,8895,593.0
2020-06-17,Kitsap,Washington,53035.0,180,2.0
2020-06-17,Kittitas,Washington,53037.0,92,0.0
2020-06-17,Klickitat,Washington,53039.0,49,3.0
2020-06-17,Lewis,Washington,53041.0,41,3.0
2020-06-17,Lincoln,Washington,53043.0,2,0.0
2020-06-17,Mason,Washington,53045.0,41,1.0
2020-06-17,Okanogan,Washington,53047.0,79,2.0
2020-06-17,Pacific,Washington,53049.0,12,1.0
2020-06-17,Pend Oreille,Washington,53051.0,3,0.0
2020-06-17,Pierce,Washington,53053.0,2478,89.0
2020-06-17,San Juan,Washington,53055.0,16,0.0
2020-06-17,Skagit,Washington,53057.0,469,15.0
2020-06-17,Skamania,Washington,53059.0,3,0.0
2020-06-17,Snohomish,Washington,53061.0,3641,158.0
2020-06-17,Spokane,Washington,53063.0,881,37.0
2020-06-17,Stevens,Washington,53065.0,16,1.0
2020-06-17,Thurston,Washington,53067.0,201,5.0
2020-06-17,Wahkiakum,Washington,53069.0,4,0.0
2020-06-17,Walla Walla,Washington,53071.0,127,3.0
2020-06-17,Whatcom,Washington,53073.0,457,39.0
2020-06-17,Whitman,Washington,53075.0,30,0.0
2020-06-17,Yakima,Washington,53077.0,5939,122.0
2020-06-18,Adams,Washington,53001.0,101,0.0
2020-06-18,Asotin,Washington,53003.0,20,2.0
2020-06-18,Benton,Washington,53005.0,1438,75.0
2020-06-18,Chelan,Washington,53007.0,282,7.0
2020-06-18,Clallam,Washington,53009.0,32,0.0
2020-06-18,Clark,Washington,53011.0,671,28.0
2020-06-18,Columbia,Washington,53013.0,1,0.0
2020-06-18,Cowlitz,Washington,53015.0,124,0.0
2020-06-18,Douglas,Washington,53017.0,189,3.0
2020-06-18,Ferry,Washington,53019.0,1,0.0
2020-06-18,Franklin,Washington,53021.0,1218,28.0
2020-06-18,Grant,Washington,53025.0,390,4.0
2020-06-18,Grays Harbor,Washington,53027.0,21,0.0
2020-06-18,Island,Washington,53029.0,184,12.0
2020-06-18,Jefferson,Washington,53031.0,32,0.0
2020-06-18,King,Washington,53033.0,8989,599.0
2020-06-18,Kitsap,Washington,53035.0,182,2.0
2020-06-18,Kittitas,Washington,53037.0,92,0.0
2020-06-18,Klickitat,Washington,53039.0,52,3.0
2020-06-18,Lewis,Washington,53041.0,43,3.0
2020-06-18,Lincoln,Washington,53043.0,2,0.0
2020-06-18,Mason,Washington,53045.0,41,1.0
2020-06-18,Okanogan,Washington,53047.0,79,2.0
2020-06-18,Pacific,Washington,53049.0,12,1.0
2020-06-18,Pend Oreille,Washington,53051.0,3,0.0
2020-06-18,Pierce,Washington,53053.0,2504,89.0
2020-06-18,San Juan,Washington,53055.0,16,0.0
2020-06-18,Skagit,Washington,53057.0,474,15.0
2020-06-18,Skamania,Washington,53059.0,3,0.0
2020-06-18,Snohomish,Washington,53061.0,3656,159.0
2020-06-18,Spokane,Washington,53063.0,897,37.0
2020-06-18,Stevens,Washington,53065.0,16,1.0
2020-06-18,Thurston,Washington,53067.0,205,5.0
2020-06-18,Wahkiakum,Washington,53069.0,4,0.0
2020-06-18,Walla Walla,Washington,53071.0,129,3.0
2020-06-18,Whatcom,Washington,53073.0,467,39.0
2020-06-18,Whitman,Washington,53075.0,31,0.0
2020-06-18,Yakima,Washington,53077.0,6062,128.0
2020-06-19,Adams,Washington,53001.0,102,0.0
2020-06-19,Asotin,Washington,53003.0,20,2.0
2020-06-19,Benton,Washington,53005.0,1495,75.0
2020-06-19,Chelan,Washington,53007.0,284,7.0
2020-06-19,Clallam,Washington,53009.0,33,0.0
2020-06-19,Clark,Washington,53011.0,685,29.0
2020-06-19,Columbia,Washington,53013.0,2,0.0
2020-06-19,Cowlitz,Washington,53015.0,130,0.0
2020-06-19,Douglas,Washington,53017.0,190,3.0
2020-06-19,Ferry,Washington,53019.0,1,0.0
2020-06-19,Franklin,Washington,53021.0,1264,29.0
2020-06-19,Grant,Washington,53025.0,404,4.0
2020-06-19,Grays Harbor,Washington,53027.0,22,0.0
2020-06-19,Island,Washington,53029.0,186,12.0
2020-06-19,Jefferson,Washington,53031.0,33,0.0
2020-06-19,King,Washington,53033.0,9098,602.0
2020-06-19,Kitsap,Washington,53035.0,185,2.0
2020-06-19,Kittitas,Washington,53037.0,94,0.0
2020-06-19,Klickitat,Washington,53039.0,51,3.0
2020-06-19,Lewis,Washington,53041.0,47,3.0
2020-06-19,Lincoln,Washington,53043.0,2,0.0
2020-06-19,Mason,Washington,53045.0,41,1.0
2020-06-19,Okanogan,Washington,53047.0,82,2.0
2020-06-19,Pacific,Washington,53049.0,12,1.0
2020-06-19,Pend Oreille,Washington,53051.0,3,0.0
2020-06-19,Pierce,Washington,53053.0,2532,90.0
2020-06-19,San Juan,Washington,53055.0,16,0.0
2020-06-19,Skagit,Washington,53057.0,479,15.0
2020-06-19,Skamania,Washington,53059.0,5,0.0
2020-06-19,Snohomish,Washington,53061.0,3678,161.0
2020-06-19,Spokane,Washington,53063.0,940,37.0
2020-06-19,Stevens,Washington,53065.0,16,1.0
2020-06-19,Thurston,Washington,53067.0,210,6.0
2020-06-19,Wahkiakum,Washington,53069.0,4,0.0
2020-06-19,Walla Walla,Washington,53071.0,131,3.0
2020-06-19,Whatcom,Washington,53073.0,474,39.0
2020-06-19,Whitman,Washington,53075.0,32,0.0
2020-06-19,Yakima,Washington,53077.0,6062,131.0
2020-06-20,Adams,Washington,53001.0,102,0.0
2020-06-20,Asotin,Washington,53003.0,20,2.0
2020-06-20,Benton,Washington,53005.0,1495,76.0
2020-06-20,Chelan,Washington,53007.0,284,7.0
2020-06-20,Clallam,Washington,53009.0,33,0.0
2020-06-20,Clark,Washington,53011.0,685,29.0
2020-06-20,Columbia,Washington,53013.0,2,0.0
2020-06-20,Cowlitz,Washington,53015.0,136,0.0
2020-06-20,Douglas,Washington,53017.0,190,3.0
2020-06-20,Ferry,Washington,53019.0,1,0.0
2020-06-20,Franklin,Washington,53021.0,1264,29.0
2020-06-20,Grant,Washington,53025.0,404,4.0
2020-06-20,Grays Harbor,Washington,53027.0,24,0.0
2020-06-20,Island,Washington,53029.0,188,12.0
2020-06-20,Jefferson,Washington,53031.0,33,0.0
2020-06-20,King,Washington,53033.0,9167,603.0
2020-06-20,Kitsap,Washington,53035.0,189,2.0
2020-06-20,Kittitas,Washington,53037.0,95,0.0
2020-06-20,Klickitat,Washington,53039.0,51,3.0
2020-06-20,Lewis,Washington,53041.0,47,3.0
2020-06-20,Lincoln,Washington,53043.0,2,0.0
2020-06-20,Mason,Washington,53045.0,42,1.0
2020-06-20,Okanogan,Washington,53047.0,82,2.0
2020-06-20,Pacific,Washington,53049.0,12,1.0
2020-06-20,Pend Oreille,Washington,53051.0,3,0.0
2020-06-20,Pierce,Washington,53053.0,2532,92.0
2020-06-20,San Juan,Washington,53055.0,17,0.0
2020-06-20,Skagit,Washington,53057.0,482,15.0
2020-06-20,Skamania,Washington,53059.0,5,0.0
2020-06-20,Snohomish,Washington,53061.0,3678,162.0
2020-06-20,Spokane,Washington,53063.0,958,38.0
2020-06-20,Stevens,Washington,53065.0,16,1.0
2020-06-20,Thurston,Washington,53067.0,214,5.0
2020-06-20,Wahkiakum,Washington,53069.0,4,0.0
2020-06-20,Walla Walla,Washington,53071.0,132,3.0
2020-06-20,Whatcom,Washington,53073.0,486,39.0
2020-06-20,Whitman,Washington,53075.0,32,0.0
2020-06-20,Yakima,Washington,53077.0,6359,136.0
2020-06-21,Adams,Washington,53001.0,102,0.0
2020-06-21,Asotin,Washington,53003.0,20,2.0
2020-06-21,Benton,Washington,53005.0,1495,76.0
2020-06-21,Chelan,Washington,53007.0,286,7.0
2020-06-21,Clallam,Washington,53009.0,33,0.0
2020-06-21,Clark,Washington,53011.0,685,30.0
2020-06-21,Columbia,Washington,53013.0,2,0.0
2020-06-21,Cowlitz,Washington,53015.0,145,0.0
2020-06-21,Douglas,Washington,53017.0,193,3.0
2020-06-21,Ferry,Washington,53019.0,1,0.0
2020-06-21,Franklin,Washington,53021.0,1278,29.0
2020-06-21,Grant,Washington,53025.0,404,4.0
2020-06-21,Grays Harbor,Washington,53027.0,24,0.0
2020-06-21,Island,Washington,53029.0,188,12.0
2020-06-21,Jefferson,Washington,53031.0,33,0.0
2020-06-21,King,Washington,53033.0,9236,602.0
2020-06-21,Kitsap,Washington,53035.0,190,2.0
2020-06-21,Kittitas,Washington,53037.0,98,0.0
2020-06-21,Klickitat,Washington,53039.0,51,3.0
2020-06-21,Lewis,Washington,53041.0,49,3.0
2020-06-21,Lincoln,Washington,53043.0,2,0.0
2020-06-21,Mason,Washington,53045.0,42,1.0
2020-06-21,Okanogan,Washington,53047.0,82,2.0
2020-06-21,Pacific,Washington,53049.0,12,1.0
2020-06-21,Pend Oreille,Washington,53051.0,3,0.0
2020-06-21,Pierce,Washington,53053.0,2591,93.0
2020-06-21,San Juan,Washington,53055.0,18,0.0
2020-06-21,Skagit,Washington,53057.0,485,15.0
2020-06-21,Skamania,Washington,53059.0,5,0.0
2020-06-21,Snohomish,Washington,53061.0,3678,162.0
2020-06-21,Spokane,Washington,53063.0,978,38.0
2020-06-21,Stevens,Washington,53065.0,17,1.0
2020-06-21,Thurston,Washington,53067.0,219,5.0
2020-06-21,Wahkiakum,Washington,53069.0,4,0.0
2020-06-21,Walla Walla,Washington,53071.0,141,3.0
2020-06-21,Whatcom,Washington,53073.0,499,39.0
2020-06-21,Whitman,Washington,53075.0,32,0.0
2020-06-21,Yakima,Washington,53077.0,6476,138.0
2020-06-22,Adams,Washington,53001.0,108,0.0
2020-06-22,Asotin,Washington,53003.0,20,2.0
2020-06-22,Benton,Washington,53005.0,1608,76.0
2020-06-22,Chelan,Washington,53007.0,287,7.0
2020-06-22,Clallam,Washington,53009.0,33,0.0
2020-06-22,Clark,Washington,53011.0,703,30.0
2020-06-22,Columbia,Washington,53013.0,2,0.0
2020-06-22,Cowlitz,Washington,53015.0,145,0.0
2020-06-22,Douglas,Washington,53017.0,196,3.0
2020-06-22,Ferry,Washington,53019.0,1,0.0
2020-06-22,Franklin,Washington,53021.0,1450,29.0
2020-06-22,Grant,Washington,53025.0,470,4.0
2020-06-22,Grays Harbor,Washington,53027.0,23,0.0
2020-06-22,Island,Washington,53029.0,187,12.0
2020-06-22,Jefferson,Washington,53031.0,33,0.0
2020-06-22,King,Washington,53033.0,9275,604.0
2020-06-22,Kitsap,Washington,53035.0,191,2.0
2020-06-22,Kittitas,Washington,53037.0,99,0.0
2020-06-22,Klickitat,Washington,53039.0,52,3.0
2020-06-22,Lewis,Washington,53041.0,49,3.0
2020-06-22,Lincoln,Washington,53043.0,2,0.0
2020-06-22,Mason,Washington,53045.0,43,1.0
2020-06-22,Okanogan,Washington,53047.0,82,2.0
2020-06-22,Pacific,Washington,53049.0,13,1.0
2020-06-22,Pend Oreille,Washington,53051.0,3,0.0
2020-06-22,Pierce,Washington,53053.0,2600,92.0
2020-06-22,San Juan,Washington,53055.0,19,0.0
2020-06-22,Skagit,Washington,53057.0,485,15.0
2020-06-22,Skamania,Washington,53059.0,3,0.0
2020-06-22,Snohomish,Washington,53061.0,3747,163.0
2020-06-22,Spokane,Washington,53063.0,1002,39.0
2020-06-22,Stevens,Washington,53065.0,17,1.0
2020-06-22,Thurston,Washington,53067.0,219,7.0
2020-06-22,Wahkiakum,Washington,53069.0,4,0.0
2020-06-22,Walla Walla,Washington,53071.0,143,3.0
2020-06-22,Whatcom,Washington,53073.0,499,40.0
2020-06-22,Whitman,Washington,53075.0,34,0.0
2020-06-22,Yakima,Washington,53077.0,6596,138.0
2020-06-23,Adams,Washington,53001.0,109,0.0
2020-06-23,Asotin,Washington,53003.0,20,2.0
2020-06-23,Benton,Washington,53005.0,1634,76.0
2020-06-23,Chelan,Washington,53007.0,294,7.0
2020-06-23,Clallam,Washington,53009.0,33,0.0
2020-06-23,Clark,Washington,53011.0,719,30.0
2020-06-23,Columbia,Washington,53013.0,8,0.0
2020-06-23,Cowlitz,Washington,53015.0,149,0.0
2020-06-23,Douglas,Washington,53017.0,199,3.0
2020-06-23,Ferry,Washington,53019.0,1,0.0
2020-06-23,Franklin,Washington,53021.0,1450,30.0
2020-06-23,Grant,Washington,53025.0,470,5.0
2020-06-23,Grays Harbor,Washington,53027.0,23,0.0
2020-06-23,Island,Washington,53029.0,187,12.0
2020-06-23,Jefferson,Washington,53031.0,33,0.0
2020-06-23,King,Washington,53033.0,9371,606.0
2020-06-23,Kitsap,Washington,53035.0,195,2.0
2020-06-23,Kittitas,Washington,53037.0,100,0.0
2020-06-23,Klickitat,Washington,53039.0,53,3.0
2020-06-23,Lewis,Washington,53041.0,50,3.0
2020-06-23,Lincoln,Washington,53043.0,2,0.0
2020-06-23,Mason,Washington,53045.0,43,1.0
2020-06-23,Okanogan,Washington,53047.0,82,2.0
2020-06-23,Pacific,Washington,53049.0,13,1.0
2020-06-23,Pend Oreille,Washington,53051.0,3,0.0
2020-06-23,Pierce,Washington,53053.0,2625,93.0
2020-06-23,San Juan,Washington,53055.0,19,0.0
2020-06-23,Skagit,Washington,53057.0,486,15.0
2020-06-23,Skamania,Washington,53059.0,4,0.0
2020-06-23,Snohomish,Washington,53061.0,3813,163.0
2020-06-23,Spokane,Washington,53063.0,1055,38.0
2020-06-23,Stevens,Washington,53065.0,16,1.0
2020-06-23,Thurston,Washington,53067.0,221,7.0
2020-06-23,Wahkiakum,Washington,53069.0,4,0.0
2020-06-23,Walla Walla,Washington,53071.0,144,3.0
2020-06-23,Whatcom,Washington,53073.0,521,40.0
2020-06-23,Whitman,Washington,53075.0,33,0.0
2020-06-23,Yakima,Washington,53077.0,6596,142.0
2020-06-24,Adams,Washington,53001.0,109,0.0
2020-06-24,Asotin,Washington,53003.0,20,2.0
2020-06-24,Benton,Washington,53005.0,1692,76.0
2020-06-24,Chelan,Washington,53007.0,297,7.0
2020-06-24,Clallam,Washington,53009.0,33,0.0
2020-06-24,Clark,Washington,53011.0,732,30.0
2020-06-24,Columbia,Washington,53013.0,8,0.0
2020-06-24,Cowlitz,Washington,53015.0,153,0.0
2020-06-24,Douglas,Washington,53017.0,205,3.0
2020-06-24,Ferry,Washington,53019.0,1,0.0
2020-06-24,Franklin,Washington,53021.0,1540,31.0
2020-06-24,Grant,Washington,53025.0,478,5.0
2020-06-24,Grays Harbor,Washington,53027.0,24,0.0
2020-06-24,Island,Washington,53029.0,188,12.0
2020-06-24,Jefferson,Washington,53031.0,35,0.0
2020-06-24,King,Washington,53033.0,9504,606.0
2020-06-24,Kitsap,Washington,53035.0,198,2.0
2020-06-24,Kittitas,Washington,53037.0,109,0.0
2020-06-24,Klickitat,Washington,53039.0,55,3.0
2020-06-24,Lewis,Washington,53041.0,52,3.0
2020-06-24,Lincoln,Washington,53043.0,2,0.0
2020-06-24,Mason,Washington,53045.0,43,1.0
2020-06-24,Okanogan,Washington,53047.0,88,2.0
2020-06-24,Pacific,Washington,53049.0,13,1.0
2020-06-24,Pend Oreille,Washington,53051.0,3,0.0
2020-06-24,Pierce,Washington,53053.0,2672,96.0
2020-06-24,San Juan,Washington,53055.0,20,0.0
2020-06-24,Skagit,Washington,53057.0,488,15.0
2020-06-24,Skamania,Washington,53059.0,3,0.0
2020-06-24,Snohomish,Washington,53061.0,3833,164.0
2020-06-24,Spokane,Washington,53063.0,1085,38.0
2020-06-24,Stevens,Washington,53065.0,16,1.0
2020-06-24,Thurston,Washington,53067.0,226,7.0
2020-06-24,Wahkiakum,Washington,53069.0,4,0.0
2020-06-24,Walla Walla,Washington,53071.0,147,3.0
2020-06-24,Whatcom,Washington,53073.0,554,40.0
2020-06-24,Whitman,Washington,53075.0,34,0.0
2020-06-24,Yakima,Washington,53077.0,6736,146.0
2020-06-25,Adams,Washington,53001.0,110,0.0
2020-06-25,Asotin,Washington,53003.0,20,2.0
2020-06-25,Benton,Washington,53005.0,1725,76.0
2020-06-25,Chelan,Washington,53007.0,299,7.0
2020-06-25,Clallam,Washington,53009.0,33,0.0
2020-06-25,Clark,Washington,53011.0,741,30.0
2020-06-25,Columbia,Washington,53013.0,8,0.0
2020-06-25,Cowlitz,Washington,53015.0,158,0.0
2020-06-25,Douglas,Washington,53017.0,210,3.0
2020-06-25,Ferry,Washington,53019.0,1,0.0
2020-06-25,Franklin,Washington,53021.0,1587,32.0
2020-06-25,Grant,Washington,53025.0,513,5.0
2020-06-25,Grays Harbor,Washington,53027.0,24,0.0
2020-06-25,Island,Washington,53029.0,191,12.0
2020-06-25,Jefferson,Washington,53031.0,36,0.0
2020-06-25,King,Washington,53033.0,9614,608.0
2020-06-25,Kitsap,Washington,53035.0,200,2.0
2020-06-25,Kittitas,Washington,53037.0,112,0.0
2020-06-25,Klickitat,Washington,53039.0,55,3.0
2020-06-25,Lewis,Washington,53041.0,53,3.0
2020-06-25,Lincoln,Washington,53043.0,2,0.0
2020-06-25,Mason,Washington,53045.0,46,1.0
2020-06-25,Okanogan,Washington,53047.0,88,2.0
2020-06-25,Pacific,Washington,53049.0,12,1.0
2020-06-25,Pend Oreille,Washington,53051.0,3,0.0
2020-06-25,Pierce,Washington,53053.0,2709,97.0
2020-06-25,San Juan,Washington,53055.0,19,0.0
2020-06-25,Skagit,Washington,53057.0,491,15.0
2020-06-25,Skamania,Washington,53059.0,3,0.0
2020-06-25,Snohomish,Washington,53061.0,3862,164.0
2020-06-25,Spokane,Washington,53063.0,1126,38.0
2020-06-25,Stevens,Washington,53065.0,16,1.0
2020-06-25,Thurston,Washington,53067.0,229,7.0
2020-06-25,Wahkiakum,Washington,53069.0,5,0.0
2020-06-25,Walla Walla,Washington,53071.0,148,3.0
2020-06-25,Whatcom,Washington,53073.0,574,40.0
2020-06-25,Whitman,Washington,53075.0,35,0.0
2020-06-25,Yakima,Washington,53077.0,6940,149.0
2020-06-26,Adams,Washington,53001.0,112,0.0
2020-06-26,Asotin,Washington,53003.0,20,2.0
2020-06-26,Benton,Washington,53005.0,1756,75.0
2020-06-26,Chelan,Washington,53007.0,308,7.0
2020-06-26,Clallam,Washington,53009.0,34,0.0
2020-06-26,Clark,Washington,53011.0,758,30.0
2020-06-26,Columbia,Washington,53013.0,8,0.0
2020-06-26,Cowlitz,Washington,53015.0,166,0.0
2020-06-26,Douglas,Washington,53017.0,216,3.0
2020-06-26,Ferry,Washington,53019.0,1,0.0
2020-06-26,Franklin,Washington,53021.0,1627,32.0
2020-06-26,Grant,Washington,53025.0,564,5.0
2020-06-26,Grays Harbor,Washington,53027.0,24,0.0
2020-06-26,Island,Washington,53029.0,191,12.0
2020-06-26,Jefferson,Washington,53031.0,36,0.0
2020-06-26,King,Washington,53033.0,9697,609.0
2020-06-26,Kitsap,Washington,53035.0,205,2.0
2020-06-26,Kittitas,Washington,53037.0,113,0.0
2020-06-26,Klickitat,Washington,53039.0,56,3.0
2020-06-26,Lewis,Washington,53041.0,57,3.0
2020-06-26,Lincoln,Washington,53043.0,2,0.0
2020-06-26,Mason,Washington,53045.0,45,1.0
2020-06-26,Okanogan,Washington,53047.0,90,2.0
2020-06-26,Pacific,Washington,53049.0,12,1.0
2020-06-26,Pend Oreille,Washington,53051.0,3,0.0
2020-06-26,Pierce,Washington,53053.0,2739,97.0
2020-06-26,San Juan,Washington,53055.0,19,0.0
2020-06-26,Skagit,Washington,53057.0,493,15.0
2020-06-26,Skamania,Washington,53059.0,4,0.0
2020-06-26,Snohomish,Washington,53061.0,3893,166.0
2020-06-26,Spokane,Washington,53063.0,1171,39.0
2020-06-26,Stevens,Washington,53065.0,16,1.0
2020-06-26,Thurston,Washington,53067.0,232,7.0
2020-06-26,Wahkiakum,Washington,53069.0,5,0.0
2020-06-26,Walla Walla,Washington,53071.0,152,3.0
2020-06-26,Whatcom,Washington,53073.0,588,40.0
2020-06-26,Whitman,Washington,53075.0,36,0.0
2020-06-26,Yakima,Washington,53077.0,7040,150.0
2020-06-27,Adams,Washington,53001.0,113,0.0
2020-06-27,Asotin,Washington,53003.0,20,2.0
2020-06-27,Benton,Washington,53005.0,1827,75.0
2020-06-27,Chelan,Washington,53007.0,315,7.0
2020-06-27,Clallam,Washington,53009.0,35,0.0
2020-06-27,Clark,Washington,53011.0,758,30.0
2020-06-27,Columbia,Washington,53013.0,8,0.0
2020-06-27,Cowlitz,Washington,53015.0,170,0.0
2020-06-27,Douglas,Washington,53017.0,223,3.0
2020-06-27,Ferry,Washington,53019.0,1,0.0
2020-06-27,Franklin,Washington,53021.0,1692,32.0
2020-06-27,Grant,Washington,53025.0,577,5.0
2020-06-27,Grays Harbor,Washington,53027.0,25,0.0
2020-06-27,Island,Washington,53029.0,192,12.0
2020-06-27,Jefferson,Washington,53031.0,37,0.0
2020-06-27,King,Washington,53033.0,9821,612.0
2020-06-27,Kitsap,Washington,53035.0,211,2.0
2020-06-27,Kittitas,Washington,53037.0,117,0.0
2020-06-27,Klickitat,Washington,53039.0,57,3.0
2020-06-27,Lewis,Washington,53041.0,60,3.0
2020-06-27,Lincoln,Washington,53043.0,3,0.0
2020-06-27,Mason,Washington,53045.0,46,1.0
2020-06-27,Okanogan,Washington,53047.0,93,2.0
2020-06-27,Pacific,Washington,53049.0,12,1.0
2020-06-27,Pend Oreille,Washington,53051.0,3,0.0
2020-06-27,Pierce,Washington,53053.0,2797,97.0
2020-06-27,San Juan,Washington,53055.0,19,0.0
2020-06-27,Skagit,Washington,53057.0,502,15.0
2020-06-27,Skamania,Washington,53059.0,4,0.0
2020-06-27,Snohomish,Washington,53061.0,3893,167.0
2020-06-27,Spokane,Washington,53063.0,1183,39.0
2020-06-27,Stevens,Washington,53065.0,16,1.0
2020-06-27,Thurston,Washington,53067.0,238,7.0
2020-06-27,Wahkiakum,Washington,53069.0,5,0.0
2020-06-27,Walla Walla,Washington,53071.0,152,3.0
2020-06-27,Whatcom,Washington,53073.0,599,40.0
2020-06-27,Whitman,Washington,53075.0,37,0.0
2020-06-27,Yakima,Washington,53077.0,7170,152.0
2020-06-28,Adams,Washington,53001.0,130,0.0
2020-06-28,Asotin,Washington,53003.0,21,2.0
2020-06-28,Benton,Washington,53005.0,1856,75.0
2020-06-28,Chelan,Washington,53007.0,316,7.0
2020-06-28,Clallam,Washington,53009.0,36,0.0
2020-06-28,Clark,Washington,53011.0,758,30.0
2020-06-28,Columbia,Washington,53013.0,8,0.0
2020-06-28,Cowlitz,Washington,53015.0,170,0.0
2020-06-28,Douglas,Washington,53017.0,230,3.0
2020-06-28,Ferry,Washington,53019.0,1,0.0
2020-06-28,Franklin,Washington,53021.0,1715,32.0
2020-06-28,Grant,Washington,53025.0,577,5.0
2020-06-28,Grays Harbor,Washington,53027.0,26,0.0
2020-06-28,Island,Washington,53029.0,192,12.0
2020-06-28,Jefferson,Washington,53031.0,37,0.0
2020-06-28,King,Washington,53033.0,9903,612.0
2020-06-28,Kitsap,Washington,53035.0,213,2.0
2020-06-28,Kittitas,Washington,53037.0,122,0.0
2020-06-28,Klickitat,Washington,53039.0,59,3.0
2020-06-28,Lewis,Washington,53041.0,64,3.0
2020-06-28,Lincoln,Washington,53043.0,3,0.0
2020-06-28,Mason,Washington,53045.0,47,1.0
2020-06-28,Okanogan,Washington,53047.0,93,2.0
2020-06-28,Pacific,Washington,53049.0,13,1.0
2020-06-28,Pend Oreille,Washington,53051.0,3,0.0
2020-06-28,Pierce,Washington,53053.0,2820,97.0
2020-06-28,San Juan,Washington,53055.0,19,0.0
2020-06-28,Skagit,Washington,53057.0,503,15.0
2020-06-28,Skamania,Washington,53059.0,4,0.0
2020-06-28,Snohomish,Washington,53061.0,3903,167.0
2020-06-28,Spokane,Washington,53063.0,1197,39.0
2020-06-28,Stevens,Washington,53065.0,17,1.0
2020-06-28,Thurston,Washington,53067.0,244,7.0
2020-06-28,Wahkiakum,Washington,53069.0,5,0.0
2020-06-28,Walla Walla,Washington,53071.0,158,3.0
2020-06-28,Whatcom,Washington,53073.0,600,40.0
2020-06-28,Whitman,Washington,53075.0,37,0.0
2020-06-28,Yakima,Washington,53077.0,7241,152.0
2020-06-29,Adams,Washington,53001.0,130,0.0
2020-06-29,Asotin,Washington,53003.0,21,2.0
2020-06-29,Benton,Washington,53005.0,1889,79.0
2020-06-29,Chelan,Washington,53007.0,326,7.0
2020-06-29,Clallam,Washington,53009.0,36,0.0
2020-06-29,Clark,Washington,53011.0,826,30.0
2020-06-29,Columbia,Washington,53013.0,8,0.0
2020-06-29,Cowlitz,Washington,53015.0,172,0.0
2020-06-29,Douglas,Washington,53017.0,233,3.0
2020-06-29,Ferry,Washington,53019.0,1,0.0
2020-06-29,Franklin,Washington,53021.0,1750,33.0
2020-06-29,Grant,Washington,53025.0,610,5.0
2020-06-29,Grays Harbor,Washington,53027.0,26,0.0
2020-06-29,Island,Washington,53029.0,192,12.0
2020-06-29,Jefferson,Washington,53031.0,38,0.0
2020-06-29,King,Washington,53033.0,10071,612.0
2020-06-29,Kitsap,Washington,53035.0,212,2.0
2020-06-29,Kittitas,Washington,53037.0,127,0.0
2020-06-29,Klickitat,Washington,53039.0,60,3.0
2020-06-29,Lewis,Washington,53041.0,64,3.0
2020-06-29,Lincoln,Washington,53043.0,3,0.0
2020-06-29,Mason,Washington,53045.0,47,1.0
2020-06-29,Okanogan,Washington,53047.0,93,2.0
2020-06-29,Pacific,Washington,53049.0,13,1.0
2020-06-29,Pend Oreille,Washington,53051.0,4,0.0
2020-06-29,Pierce,Washington,53053.0,2841,98.0
2020-06-29,San Juan,Washington,53055.0,19,0.0
2020-06-29,Skagit,Washington,53057.0,512,15.0
2020-06-29,Skamania,Washington,53059.0,4,0.0
2020-06-29,Snohomish,Washington,53061.0,3996,169.0
2020-06-29,Spokane,Washington,53063.0,1306,39.0
2020-06-29,Stevens,Washington,53065.0,17,1.0
2020-06-29,Thurston,Washington,53067.0,251,7.0
2020-06-29,Wahkiakum,Washington,53069.0,5,0.0
2020-06-29,Walla Walla,Washington,53071.0,164,3.0
2020-06-29,Whatcom,Washington,53073.0,615,40.0
2020-06-29,Whitman,Washington,53075.0,38,0.0
2020-06-29,Yakima,Washington,53077.0,7316,154.0
2020-06-30,Adams,Washington,53001.0,134,0.0
2020-06-30,Asotin,Washington,53003.0,21,2.0
2020-06-30,Benton,Washington,53005.0,1904,82.0
2020-06-30,Chelan,Washington,53007.0,336,7.0
2020-06-30,Clallam,Washington,53009.0,36,0.0
2020-06-30,Clark,Washington,53011.0,843,30.0
2020-06-30,Columbia,Washington,53013.0,8,0.0
2020-06-30,Cowlitz,Washington,53015.0,179,0.0
2020-06-30,Douglas,Washington,53017.0,239,3.0
2020-06-30,Ferry,Washington,53019.0,1,0.0
2020-06-30,Franklin,Washington,53021.0,1777,33.0
2020-06-30,Grant,Washington,53025.0,611,5.0
2020-06-30,Grays Harbor,Washington,53027.0,27,0.0
2020-06-30,Island,Washington,53029.0,192,12.0
2020-06-30,Jefferson,Washington,53031.0,38,0.0
2020-06-30,King,Washington,53033.0,10198,612.0
2020-06-30,Kitsap,Washington,53035.0,221,2.0
2020-06-30,Kittitas,Washington,53037.0,128,0.0
2020-06-30,Klickitat,Washington,53039.0,59,3.0
2020-06-30,Lewis,Washington,53041.0,65,3.0
2020-06-30,Lincoln,Washington,53043.0,4,0.0
2020-06-30,Mason,Washington,53045.0,50,1.0
2020-06-30,Okanogan,Washington,53047.0,115,2.0
2020-06-30,Pacific,Washington,53049.0,17,1.0
2020-06-30,Pend Oreille,Washington,53051.0,4,0.0
2020-06-30,Pierce,Washington,53053.0,2887,101.0
2020-06-30,San Juan,Washington,53055.0,19,0.0
2020-06-30,Skagit,Washington,53057.0,519,15.0
2020-06-30,Skamania,Washington,53059.0,5,0.0
2020-06-30,Snohomish,Washington,53061.0,4018,170.0
2020-06-30,Spokane,Washington,53063.0,1385,40.0
2020-06-30,Stevens,Washington,53065.0,18,1.0
2020-06-30,Thurston,Washington,53067.0,263,7.0
2020-06-30,Wahkiakum,Washington,53069.0,5,0.0
2020-06-30,Walla Walla,Washington,53071.0,169,3.0
2020-06-30,Whatcom,Washington,53073.0,622,40.0
2020-06-30,Whitman,Washington,53075.0,39,0.0
2020-06-30,Yakima,Washington,53077.0,7385,158.0
